blowes; 2;
attended; 1;
holding; 1;
beggers; 2;
profession; 1;
breuitie; 1;
treason; 5;
augury; 1;
answered; 1;
surmise; 1;
religion; 1;
reueale; 1;
heed; 1;
digd; 1;
grone; 1;
parchment; 1;
heel; 1;
told; 5;
answer; 9;
hees; 3;
regard; 1;
theater; 1;
meet; 4;
countrey; 1;
villany; 1;
forfeite; 1;
authorities; 1;
troubles; 2;
quality; 3;
disioynt; 1;
retrograde; 1;
clownes; 2;
forbid; 2;
twer; 1;
rew; 2;
foreknowing; 1;
dreadfully; 1;
ignorance; 3;
willow; 1;
watchmen; 1;
drie; 1;
fearesurprized; 1;
times; 7;
guard; 3;
swords; 1;
grew; 1;
hoboyes; 1;
padling; 1;
bonny; 1;
tong; 1;
gropd; 1;
manet; 3;
a; 497;
plumtree; 1;
digested; 1;
nothings; 1;
fruite; 1;
o; 38;
suffer; 3;
k; 1;
smiles; 1;
i; 547;
termes; 3;
eleuen; 1;
pith; 2;
red; 2;
t; 4;
godamercy; 1;
masterly; 1;
murthers; 1;
pestilence; 1;
brazd; 1;
osricke; 5;
zone; 1;
y; 1;
extorted; 1;
calumnious; 1;
fancy; 2;
extremity; 1;
drop; 1;
exception; 1;
beratled; 1;
yeares; 2;
infected; 1;
welltooke; 1;
landlesse; 1;
reputation; 1;
fathers; 20;
canonizd; 1;
motion; 2;
guilt; 3;
crowflowers; 1;
verie; 11;
likeliehood; 1;
tweakes; 1;
assay; 3;
station; 2;
orecame; 1;
shippe; 1;
weare; 4;
leisure; 1;
churlish; 1;
double; 6;
amble; 1;
much; 43;
country; 2;
lipps; 1;
speech; 16;
tremble; 2;
weary; 2;
dild; 1;
toot; 7;
enuious; 1;
writ; 6;
raw; 1;
honourd; 4;
deceiued; 1;
alijs; 1;
horse; 3;
spectators; 1;
discord; 1;
rat; 3;
generous; 3;
neighbourd; 1;
dyes; 3;
possible; 3;
steale; 1;
especially; 1;
treasure; 4;
lament; 2;
stately; 1;
encompassement; 1;
intreate; 1;
buyye; 1;
gray; 1;
braue; 3;
peruse; 1;
confront; 1;
reaches; 1;
wicked; 5;
which; 60;
ran; 1;
coile; 1;
female; 1;
peace; 9;
conueyances; 1;
lawful; 1;
assignes; 2;
vnkles; 1;
matine; 1;
nipping; 1;
peculiar; 2;
peale; 1;
cannons; 1;
bonet; 1;
thether; 1;
glimpses; 1;
lookes; 7;
dagger; 1;
cleare; 1;
haste; 2;
replication; 1;
swornt; 1;
bones; 4;
spundge; 3;
remembraunce; 1;
prophesie; 2;
mischeefe; 1;
purgd; 1;
foolery; 1;
element; 1;
ros; 2;
rot; 1;
vanisht; 1;
obstinate; 1;
preparation; 1;
mens; 3;
offended; 3;
lifes; 1;
bonds; 2;
health; 5;
robe; 1;
shoulders; 1;
hems; 1;
carters; 1;
patches; 1;
intreaty; 1;
tempred; 1;
tanner; 1;
seruants; 2;
melancholly; 2;
mend; 1;
scene; 1;
steals; 1;
grauemaking; 1;
scena; 3;
dotes; 1;
perillous; 1;
vnion; 2;
flye; 4;
easily; 1;
thought; 13;
leasure; 1;
whipt; 1;
prophanely; 1;
space; 1;
whips; 2;
exprest; 1;
brands; 1;
epitaph; 2;
simples; 1;
waxes; 2;
rather; 4;
briefe; 2;
indeauour; 1;
esteemd; 1;
ouerthrowne; 1;
dipt; 1;
melt; 2;
willes; 1;
sworne; 2;
held; 2;
truepenny; 1;
hell; 10;
stubborne; 1;
spade; 4;
dire; 1;
rosincran; 1;
harrow; 1;
blastments; 1;
violets; 2;
sleepe; 10;
strengthen; 1;
whale; 2;
helpe; 12;
warning; 1;
truly; 5;
dish; 1;
compulsatiue; 1;
single; 2;
monday; 1;
emulate; 1;
eight; 1;
drowne; 5;
drownd; 6;
vnhatcht; 1;
sisters; 1;
whine; 1;
gentrie; 1;
excrements; 1;
pray; 28;
dirt; 2;
painted; 2;
assis; 1;
contract; 1;
clothes; 1;
easier; 1;
thorny; 1;
philosophy; 1;
here; 7;
finger; 2;
pitious; 1;
affeard; 1;
bounteous; 1;
ennactors; 1;
cursing; 1;
fetters; 1;
spake; 1;
artlesse; 1;
violent; 4;
greeted; 1;
obseruers; 1;
purer; 1;
sighe; 1;
posthast; 1;
gaming; 3;
damon; 1;
diseasd; 1;
disease; 1;
vntill; 1;
while; 13;
prisoner; 2;
remoued; 1;
sight; 8;
leaperous; 1;
skirts; 1;
drum; 1;
daysie; 1;
hent; 1;
iade; 1;
damnd; 5;
honourable; 3;
damne; 1;
angell; 2;
brood; 1;
instrument; 2;
offer; 3;
tweene; 1;
deliuerd; 2;
peake; 1;
highnesse; 1;
neptunes; 1;
fought; 1;
naked; 2;
amber; 1;
intill; 1;
angels; 3;
teare; 3;
vnite; 1;
slander; 1;
succession; 2;
allowance; 2;
vnworthy; 2;
euidence; 1;
martiall; 1;
wittingly; 2;
declines; 1;
prouide; 1;
its; 4;
coated; 1;
blanke; 1;
builde; 1;
melodious; 1;
exactly; 1;
feede; 2;
drink; 1;
throat; 2;
iue; 2;
calme; 1;
laugh; 6;
horrid; 2;
warres; 1;
admirable; 1;
prey; 1;
ist; 17;
cheefe; 2;
pocky; 1;
thirty; 1;
blunted; 1;
terrible; 1;
yonder; 1;
worne; 1;
ith; 20;
inclining; 1;
sort; 2;
lier; 1;
lies; 4;
malicious; 2;
strumpet; 1;
whats; 12;
run; 2;
enterprizes; 1;
absolute; 1;
damned; 6;
sicklied; 1;
life; 31;
sore; 3;
vtter; 1;
truth; 6;
workes; 1;
pleasures; 2;
lids; 1;
pinch; 1;
builds; 2;
contrary; 1;
remain; 1;
dugge; 1;
platforme; 2;
beene; 13;
odde; 2;
world; 24;
scarsely; 1;
wounded; 1;
foote; 3;
horat; 1;
hercules; 3;
tyrannous; 1;
thicker; 1;
must; 58;
whoreson; 1;
lawlesse; 1;
friends; 19;
voltemand; 3;
worke; 8;
lyes; 2;
mute; 1;
demand; 2;
abhominably; 1;
wayes; 3;
iot; 2;
cart; 1;
couched; 1;
cast; 6;
rub; 2;
loathsome; 1;
voltumand; 2;
soliciting; 1;
ioy; 8;
case; 1;
cheeke; 2;
song; 1;
beauer; 1;
argues; 1;
worser; 1;
pleasing; 1;
pickers; 1;
twaine; 2;
breach; 1;
pursue; 2;
policie; 1;
mettels; 1;
performance; 1;
incontinencie; 1;
sanctified; 1;
stirring; 1;
mercy; 4;
pittious; 1;
soules; 5;
condolement; 1;
plague; 2;
friending; 1;
helpes; 1;
passions; 1;
strength; 1;
counter; 1;
torrent; 1;
graces; 2;
wonderfull; 2;
practises; 1;
charge; 7;
moity; 1;
calfe; 1;
successiue; 1;
birth; 2;
lacks; 1;
mysterie; 1;
vnnerued; 1;
besmerch; 1;
toth; 1;
feather; 1;
fixion; 1;
conscience; 8;
behoues; 1;
inmost; 1;
soueraignty; 1;
apparition; 2;
noyse; 2;
draw; 9;
speechlesse; 1;
pins; 1;
relieud; 1;
honestie; 4;
guards; 1;
sadly; 1;
lackd; 1;
spies; 1;
vertuous; 1;
armie; 1;
ditchers; 1;
speakes; 3;
lacke; 5;
working; 2;
boorded; 1;
confusion; 1;
yeare; 5;
niobe; 1;
naturall; 5;
matters; 3;
like; 77;
buzze; 2;
whiffe; 1;
circumuent; 1;
charme; 1;
lunacie; 1;
combination; 1;
say; 51;
toyle; 1;
bearing; 1;
saw; 13;
years; 1;
some; 45;
resolue; 1;
buffets; 1;
orewrought; 1;
polititian; 1;
eares; 9;
cape; 1;
backward; 1;
stoode; 1;
constantly; 1;
vnweeded; 1;
truely; 1;
line; 1;
lyest; 1;
flie; 1;
circumstance; 6;
clambring; 1;
words; 19;
sicknesse; 2;
maintains; 1;
pile; 1;
repast; 1;
thoughtsicke; 1;
opposed; 1;
prosperously; 1;
souldiers; 1;
strutted; 1;
corner; 1;
payed; 1;
heauen; 43;
quintessence; 1;
incensed; 1;
armes; 9;
heaues; 1;
gracious; 6;
broken; 1;
caps; 1;
seneca; 1;
payes; 1;
pastoricallcomicallhistoricallpastorall; 1;
ventiges; 1;
brother; 7;
drab; 1;
habite; 2;
sparke; 1;
afterwards; 1;
fingerd; 1;
purse; 2;
trumpet; 4;
cheff; 1;
function; 1;
shrillsounding; 1;
toward; 4;
saluation; 2;
head; 26;
rosemary; 1;
foole; 6;
sure; 7;
necessaries; 1;
dogges; 1;
nasty; 1;
offenders; 1;
opprest; 1;
exclaim; 1;
rosincrance; 11;
wants; 2;
hearing; 4;
ouercome; 1;
flagons; 1;
fingers; 4;
golden; 2;
call; 23;
monthes; 1;
demands; 2;
bodykins; 1;
cald; 2;
crowners; 1;
contriue; 2;
pipe; 3;
cuffes; 1;
officers; 2;
another; 8;
depriue; 1;
full; 10;
breake; 8;
depriud; 1;
finding; 2;
making; 4;
sute; 1;
sodaine; 5;
rites; 4;
sextons; 1;
shrewdly; 1;
came; 8;
affectation; 1;
complexion; 2;
addition; 1;
teach; 5;
soft; 8;
noise; 7;
richer; 2;
wafts; 2;
minerall; 1;
feele; 1;
heauie; 2;
target; 1;
driue; 2;
cals; 3;
twas; 5;
bated; 1;
stalke; 1;
pursie; 1;
toyles; 1;
stuffe; 3;
calamity; 1;
visit; 4;
hauing; 2;
wait; 2;
pittifull; 1;
lesser; 1;
befalne; 1;
thumbe; 1;
ingenious; 1;
she; 44;
kin; 15;
coldly; 2;
something; 12;
andt; 1;
visitation; 3;
death; 35;
batten; 1;
companies; 1;
further; 12;
riotous; 1;
singeth; 1;
coniure; 2;
perswade; 1;
view; 2;
pluckes; 2;
boule; 1;
spurnes; 2;
ocean; 1;
outface; 1;
six; 1;
betoken; 1;
lasts; 1;
weaker; 1;
slightly; 2;
maiesties; 2;
barke; 1;
towncryer; 1;
flashes; 1;
acted; 1;
france; 5;
cruell; 2;
wagd; 1;
proclaime; 2;
slaine; 5;
conceiue; 1;
proclaimd; 1;
deserue; 1;
deare; 9;
thou; 105;
expresse; 3;
custome; 8;
neuer; 24;
spheres; 1;
plaine; 1;
afflict; 1;
returnes; 2;
resolutes; 1;
history; 1;
sit; 8;
orethrowne; 1;
sir; 62;
iiggemaker; 1;
ambassadours; 1;
speeches; 1;
stands; 3;
nothing; 27;
mincing; 1;
slaues; 1;
behauiour; 1;
talkes; 1;
bound; 5;
artire; 1;
warrant; 5;
conception; 1;
body; 16;
shardes; 1;
enough; 6;
daysies; 1;
clowne; 3;
striking; 1;
grasse; 1;
blacke; 8;
orbe; 1;
sixteene; 1;
light; 8;
key; 1;
tenants; 1;
assaile; 1;
vnseale; 1;
eager; 1;
scoenes; 1;
encombred; 1;
polonius; 20;
bastard; 1;
scourge; 2;
weares; 1;
vnlimited; 1;
better; 14;
against; 20;
containing; 1;
strewments; 1;
wall; 1;
coarse; 3;
suffred; 1;
seald; 4;
hoodmanblinde; 1;
saying; 1;
ser; 1;
vice; 3;
set; 22;
wildely; 2;
seale; 2;
whipping; 1;
carrying; 1;
wisedome; 5;
wake; 2;
staires; 1;
aworke; 1;
roaming; 1;
ophelia; 28;
chronicles; 1;
slaughter; 1;
solemne; 2;
touches; 1;
audit; 1;
sea; 5;
throne; 2;
yoricks; 1;
see; 45;
wedding; 1;
fennell; 1;
enurnd; 1;
laying; 2;
beasts; 2;
lions; 1;
they; 88;
fell; 8;
snatches; 1;
pardont; 1;
nine; 2;
winde; 11;
actor; 3;
stealing; 1;
birds; 1;
vngracious; 1;
tellus; 1;
pardond; 2;
winch; 1;
wheres; 3;
buyer; 1;
starres; 3;
embrace; 2;
passeth; 1;
plautus; 1;
thunders; 1;
worth; 1;
branches; 1;
extreamity; 1;
buyes; 1;
lesson; 1;
indiscretion; 1;
hearsed; 1;
church; 2;
windy; 1;
vulcans; 1;
vnshaken; 1;
summons; 1;
steps; 1;
combatted; 1;
demynaturd; 1;
enuiously; 1;
abuses; 1;
skill; 3;
them; 67;
then; 108;
bringing; 1;
murderer; 2;
erring; 1;
records; 1;
winds; 1;
thee; 58;
followes; 4;
esile; 1;
pictures; 1;
mantle; 1;
qualifies; 1;
hammes; 1;
followed; 2;
compelled; 1;
greekes; 1;
iuggeld; 1;
countenance; 5;
birch; 1;
clowds; 1;
attends; 1;
larger; 1;
barre; 1;
admittance; 1;
barrd; 1;
freefooted; 1;
videlicet; 1;
tugging; 1;
abridgements; 1;
forthwith; 1;
within; 19;
imitated; 1;
looke; 31;
lookd; 2;
cause; 13;
second; 10;
eies; 1;
thicke; 3;
study; 1;
middle; 2;
vnforcd; 1;
wager; 6;
lookt; 2;
supposall; 1;
apparell; 1;
wings; 2;
gather; 3;
necke; 2;
sets; 1;
sence; 3;
faults; 3;
barefoot; 1;
cheere; 2;
such; 52;
choyse; 1;
inhibition; 1;
doubt; 10;
crosse; 1;
puppets; 1;
dally; 1;
offends; 1;
mother; 40;
geulles; 1;
treacherie; 2;
seagowne; 1;
debatement; 1;
thin; 1;
shepheards; 1;
combate; 1;
this; 275;
soyle; 1;
mining; 1;
yaughan; 1;
nill; 1;
scope; 2;
mocke; 1;
chaplesse; 1;
becomes; 2;
assaies; 1;
sere; 1;
relatiue; 1;
priuates; 1;
bellow; 1;
sends; 3;
seate; 1;
seruices; 1;
sinners; 1;
read; 3;
indifferent; 3;
stuck; 1;
loosed; 1;
digge; 2;
declining; 1;
coach; 1;
worst; 1;
mellow; 1;
pester; 1;
offence; 9;
remaines; 3;
vile; 1;
worse; 3;
merit; 2;
stewd; 1;
turnst; 1;
away; 27;
looser; 1;
ouerhappy; 1;
cheefest; 1;
runnes; 1;
wrong; 6;
hugger; 1;
grunt; 1;
ophel; 2;
compound; 1;
honors; 1;
fight; 3;
obserud; 1;
wrote; 2;
obserue; 3;
passes; 1;
basenesse; 1;
fulfilld; 1;
vnbaited; 1;
enemie; 1;
shipwrights; 1;
indiuidible; 1;
snow; 4;
tormenting; 1;
happes; 1;
points; 2;
courtiers; 2;
happen; 1;
conceit; 5;
piece; 1;
scarse; 1;
weedes; 1;
ioyntresse; 1;
euents; 1;
rellish; 2;
aboue; 4;
grassegreene; 1;
courtier; 3;
fellow; 9;
showes; 1;
guarded; 1;
promisecrammd; 1;
common; 8;
bore; 4;
daughter; 16;
calumny; 1;
northwest; 1;
worlds; 2;
seduce; 1;
orestop; 1;
repentance; 1;
traueller; 1;
document; 1;
habit; 1;
figure; 4;
proceeded; 1;
sadnesse; 1;
coniectures; 1;
annexment; 1;
accepts; 1;
deske; 1;
direct; 4;
deerely; 1;
yeelding; 1;
waxe; 1;
draughts; 1;
foile; 1;
fault; 4;
reconcilement; 1;
combined; 1;
plots; 2;
sledded; 1;
strugling; 1;
terme; 2;
honord; 1;
mixture; 1;
quake; 1;
lucianus; 2;
runs; 1;
soone; 1;
actus; 2;
variable; 2;
actions; 1;
fear; 1;
calueskinnes; 1;
questionable; 1;
both; 34;
blesse; 3;
encounter; 3;
loose; 5;
hidious; 1;
after; 13;
dearly; 1;
seeke; 8;
eldest; 1;
stung; 1;
instance; 1;
tennis; 1;
kinne; 1;
businesse; 10;
forraigne; 1;
goosequils; 1;
schollers; 2;
marrie; 1;
trauaile; 1;
bloodie; 1;
associates; 1;
white; 4;
bout; 1;
falne; 2;
willing; 2;
worthy; 1;
that; 361;
deerest; 1;
certaine; 4;
thence; 4;
maimed; 1;
thaw; 1;
princes; 1;
neerer; 3;
cries; 5;
humble; 1;
tush; 2;
about; 19;
vnmatchd; 1;
nemian; 1;
remembred; 1;
ladie; 1;
valentine; 1;
sun; 3;
moneths; 2;
elder; 1;
obeyes; 1;
droppings; 1;
cleaue; 1;
twelue; 5;
clutch; 1;
feed; 3;
accent; 2;
celestiall; 2;
honour; 4;
ominous; 1;
ardure; 1;
windes; 2;
cease; 2;
promisd; 2;
promise; 1;
punish; 1;
carowses; 1;
noblest; 1;
sinewes; 1;
infinite; 3;
humbly; 4;
offendendo; 1;
flaming; 2;
redeliuer; 2;
beaten; 1;
grow; 7;
boxe; 1;
masters; 4;
winne; 1;
stye; 1;
girle; 1;
costly; 1;
sword; 16;
halfe; 5;
comrade; 1;
suffering; 1;
bring; 12;
baser; 2;
roome; 2;
considerd; 1;
ancient; 1;
whisper; 1;
false; 6;
choose; 4;
guild; 20;
deale; 1;
protestation; 1;
wine; 2;
cauiarie; 1;
rude; 2;
wing; 1;
crimefull; 1;
others; 4;
wishes; 1;
seene; 20;
ceremony; 1;
soldier; 2;
reynoldo; 4;
outstretcht; 1;
tax; 1;
flesh; 5;
cuckold; 1;
tragedians; 1;
seemd; 2;
seeme; 9;
monarchs; 1;
foyle; 1;
rend; 1;
sphere; 1;
sconce; 1;
deiected; 1;
healthfull; 1;
desart; 2;
claudius; 1;
mirth; 2;
dreames; 3;
spleenatiue; 1;
agreeing; 1;
length; 4;
knees; 2;
rent; 1;
inuentors; 1;
damnable; 1;
want; 2;
hence; 5;
obsequious; 1;
riuet; 1;
edge; 3;
liuing; 2;
riuer; 1;
conceald; 1;
wipe; 2;
astonish; 1;
gibbe; 1;
centinels; 1;
personall; 1;
bunghole; 1;
stopes; 1;
coapd; 1;
vneffectuall; 1;
gaged; 1;
incestuous; 4;
indite; 1;
trulie; 1;
dies; 1;
seekes; 2;
diet; 2;
wish; 3;
wise; 2;
poniards; 1;
especiall; 1;
glowworme; 1;
croaking; 1;
choyce; 3;
bold; 3;
seest; 1;
anon; 6;
died; 1;
voyce; 10;
prouinciall; 1;
enquire; 1;
grating; 1;
wantonnesse; 1;
shockes; 1;
scuffling; 1;
directly; 1;
bloude; 1;
dido; 1;
murder; 3;
accuse; 1;
froward; 1;
gambals; 1;
turnes; 2;
property; 3;
sense; 5;
heraldry; 1;
muddied; 1;
oathes; 1;
pierce; 1;
ambassador; 1;
window; 1;
vnpregnant; 1;
setled; 1;
certaintie; 1;
beating; 3;
horrors; 1;
reuennew; 1;
hatch; 1;
rebellion; 1;
rest; 14;
friend; 12;
siluerd; 1;
stop; 3;
parching; 1;
sables; 1;
springes; 1;
ducates; 1;
sunne; 3;
voice; 2;
incensd; 1;
wart; 1;
clapt; 1;
hauocke; 1;
pretty; 2;
cressant; 1;
faiery; 1;
ruld; 2;
bloudy; 1;
doubts; 1;
breeding; 2;
throughly; 1;
cunning; 4;
wary; 2;
rule; 1;
wash; 2;
poesie; 1;
arrowes; 2;
rauell; 1;
stocke; 1;
bulke; 2;
tooke; 4;
office; 1;
dealt; 1;
mistake; 1;
with; 254;
cannoneer; 1;
desire; 7;
circumstances; 1;
matter; 26;
fortified; 1;
buriall; 5;
distrust; 2;
wast; 4;
wits; 6;
incenst; 1;
moneth; 2;
roofe; 1;
fruites; 1;
scoene; 2;
propheticke; 1;
scoena; 1;
gramercy; 1;
iournies; 1;
gawdie; 1;
tend; 4;
parts; 1;
mazard; 1;
iuyce; 1;
party; 1;
spoke; 2;
twill; 4;
colour; 4;
iester; 1;
argall; 3;
coniuring; 1;
praises; 1;
orebeares; 1;
distraction; 2;
staffe; 1;
alarme; 1;
these; 44;
else; 13;
fortinbras; 13;
nickname; 1;
vnrighteous; 1;
bewept; 1;
musick; 1;
lazarlike; 1;
denyde; 1;
aspect; 1;
nephew; 1;
praier; 1;
offerd; 1;
bitter; 3;
each; 11;
bin; 7;
knauery; 1;
wherefore; 3;
knowledge; 1;
hamlet; 99;
romage; 1;
pastors; 1;
tels; 1;
side; 2;
tell; 43;
merriment; 1;
chamber; 4;
marriages; 1;
diuinity; 2;
define; 1;
calmely; 1;
chappell; 2;
houres; 2;
pickd; 1;
morning; 4;
burning; 2;
manners; 1;
larded; 2;
statutes; 1;
paconcies; 1;
drumme; 2;
buzzers; 1;
ham; 337;
pitteous; 1;
steward; 1;
hap; 1;
conueyance; 1;
drinking; 1;
rusty; 1;
has; 16;
hat; 4;
trippingly; 1;
closset; 2;
shadowes; 2;
had; 44;
encountred; 1;
crack; 1;
sift; 1;
streame; 1;
beleefe; 1;
offend; 1;
distinguish; 1;
sigh; 2;
throwne; 2;
backd; 1;
religious; 1;
backe; 6;
rankly; 1;
pyrate; 1;
sequell; 1;
talkd; 1;
talke; 2;
foresaid; 1;
delights; 3;
resemble; 1;
powres; 2;
fairely; 1;
invulnerable; 1;
exercise; 3;
pulse; 1;
enact; 2;
mutine; 1;
pat; 1;
barnardo; 8;
challice; 1;
name; 9;
altogether; 1;
packing; 1;
pay; 3;
messe; 1;
recklesse; 1;
recognizances; 1;
thers; 1;
flatterd; 1;
heauenly; 3;
stubbornnesse; 1;
chariest; 1;
forgd; 1;
tythe; 1;
transformation; 1;
scarce; 1;
neither; 6;
therefore; 14;
chaste; 1;
whatsoeuer; 1;
forgone; 1;
there; 76;
reignes; 1;
orehasty; 1;
patience; 5;
bow; 3;
shewne; 1;
loath; 1;
boy; 3;
quilles; 1;
knowing; 1;
deeds; 1;
lobby; 2;
suffers; 2;
hee; 18;
needfull; 2;
vigour; 1;
alarum; 1;
shortly; 4;
hey; 2;
deede; 2;
hew; 1;
among; 1;
desperate; 5;
gyues; 1;
hes; 6;
her; 95;
assault; 1;
loues; 6;
merrie; 2;
smile; 2;
spots; 1;
ban; 1;
receiues; 1;
hopes; 1;
flats; 1;
hitherto; 2;
bad; 7;
fates; 1;
sensible; 2;
immortall; 1;
yeomans; 1;
harlot; 1;
frenchman; 1;
cockle; 1;
perfume; 1;
bat; 1;
bar; 7;
gratis; 1;
bap; 3;
tragicallhistoricall; 1;
lands; 4;
controuersie; 1;
eternity; 1;
treble; 1;
kings; 9;
musty; 1;
interims; 1;
newtrall; 1;
orbed; 1;
vanquisher; 1;
subscribd; 1;
bloud; 4;
dayes; 6;
vnckle; 3;
scarft; 1;
denies; 1;
souldiours; 1;
porches; 1;
camelions; 1;
lonelinesse; 1;
kept; 4;
belike; 2;
canst; 3;
blurres; 1;
retaine; 1;
stay; 11;
conuerse; 1;
creature; 2;
drossie; 1;
exceed; 1;
quaintly; 1;
braines; 5;
dreaded; 1;
begun; 4;
diligence; 1;
forcd; 2;
iealousie; 2;
translate; 2;
sings; 4;
force; 4;
props; 1;
closely; 1;
pesant; 2;
cerimony; 2;
scull; 6;
hid; 2;
hic; 1;
finds; 1;
innocent; 1;
deliuer; 2;
neighbor; 1;
him; 178;
since; 15;
skyish; 1;
changed; 1;
finde; 13;
remainder; 1;
twixt; 2;
sepulcher; 1;
his; 285;
hit; 5;
exact; 1;
illume; 1;
medicine; 1;
flowers; 2;
especial; 1;
illo; 1;
spoakes; 1;
beg; 1;
bee; 16;
cerments; 1;
meane; 12;
bed; 11;
fines; 2;
botch; 1;
carbuncles; 1;
pleasure; 2;
kinde; 11;
meant; 4;
enter; 85;
annuall; 1;
blest; 2;
whole; 8;
owner; 1;
louing; 3;
strangely; 2;
husbands; 3;
gamboll; 1;
christian; 6;
theyl; 2;
approue; 1;
ease; 4;
tribute; 2;
naue; 1;
considered; 1;
politician; 1;
lawes; 1;
vienna; 1;
contracted; 1;
brutus; 1;
arrest; 1;
fatted; 1;
path; 1;
thirties; 1;
bid; 6;
conqueror; 1;
pate; 4;
cracke; 1;
crackd; 1;
applaud; 1;
loued; 3;
shewes; 7;
your; 253;
play; 42;
francisco; 2;
sport; 2;
eare; 17;
louer; 1;
stoupe; 1;
past; 4;
abhorred; 1;
cudgell; 1;
vnreclaimd; 1;
election; 3;
youl; 5;
moore; 1;
night; 38;
proue; 3;
pit; 3;
proud; 4;
step; 2;
hyes; 1;
euer; 12;
pox; 1;
outliue; 1;
nobility; 1;
heroes; 1;
vnkinde; 1;
euen; 21;
impresse; 1;
exterior; 1;
malefactions; 1;
prowd; 1;
strew; 1;
dayly; 1;
countries; 2;
capitall; 2;
winkes; 1;
impittious; 1;
tumbled; 1;
pol; 49;
monstrous; 1;
tricke; 2;
trickd; 1;
gardiners; 1;
exits; 1;
heads; 1;
churches; 1;
absurd; 2;
became; 1;
blood; 12;
goodnight; 9;
quiet; 5;
groaning; 1;
temple; 1;
corrupted; 1;
obey; 7;
curles; 1;
thereunto; 1;
incest; 1;
changeling; 1;
wringing; 1;
sirs; 3;
lucian; 1;
vnbracd; 1;
vsuall; 1;
courteous; 1;
theft; 1;
extinct; 1;
goe; 17;
moone; 4;
god; 25;
whord; 1;
graues; 1;
whore; 1;
sundaies; 1;
haunt; 1;
eterne; 1;
seriuce; 1;
loggets; 1;
best; 11;
gold; 1;
crawling; 1;
coarses; 1;
conuocation; 1;
valiant; 3;
thewes; 1;
sith; 1;
akers; 1;
ladiship; 1;
sits; 4;
sheepskinnes; 1;
sorry; 2;
writers; 1;
physicke; 1;
weel; 13;
handsaw; 1;
bend; 3;
absent; 1;
vnmannerly; 1;
good; 98;
bene; 4;
mistooke; 1;
doue; 2;
canker; 2;
sooner; 2;
primall; 1;
incorrect; 1;
hillo; 1;
crash; 1;
magots; 2;
imagine; 1;
knotty; 1;
whose; 27;
theeues; 1;
behind; 1;
gone; 13;
lethe; 1;
reuerend; 1;
difference; 1;
wormes; 2;
whereas; 1;
bell; 2;
whereat; 1;
prettinesse; 1;
gon; 1;
bels; 1;
goodly; 3;
witching; 1;
sorts; 1;
got; 2;
crust; 1;
coffin; 1;
immediately; 1;
cat; 1;
volt; 2;
presentment; 1;
gonzago; 3;
can; 34;
drugges; 1;
cap; 3;
breathing; 2;
children; 3;
struck; 1;
repulsed; 1;
harping; 1;
turfe; 1;
desirous; 1;
neere; 9;
sounds; 1;
beleeue; 17;
shuffling; 2;
tricks; 1;
ouerpeering; 1;
orchard; 2;
dreines; 1;
you; 522;
progresse; 1;
sixe; 3;
yon; 1;
doth; 27;
scandall; 1;
tables; 3;
immediate; 1;
couch; 2;
somewhat; 1;
dost; 12;
bent; 3;
prouoke; 1;
craft; 2;
parle; 1;
gainst; 5;
people; 1;
beyond; 2;
womens; 1;
reuisits; 1;
timbred; 1;
shadow; 3;
inexplicable; 1;
sliuer; 1;
poysoning; 1;
gape; 1;
equall; 2;
mainly; 1;
disclose; 1;
disclosd; 2;
begge; 6;
tragicallcomicallhistoricallpastorall; 1;
choppine; 1;
reeles; 1;
vnmastred; 1;
gore; 1;
paire; 2;
quicksiluer; 1;
summe; 1;
euermore; 1;
captaine; 1;
innocculate; 1;
oreheare; 1;
tickled; 1;
bended; 1;
prating; 1;
put; 22;
drinkes; 2;
probation; 1;
puh; 2;
serpent; 2;
paris; 1;
oreswaies; 1;
twice; 4;
farewell; 15;
spight; 1;
carpenter; 2;
conuenience; 1;
eaten; 1;
eates; 1;
poysons; 1;
bulwarke; 1;
theme; 1;
hauet; 1;
tedious; 2;
nunnery; 4;
royally; 1;
giuers; 1;
conquest; 1;
poysond; 3;
vndertake; 2;
vnwholsome; 1;
curse; 1;
turke; 1;
beget; 1;
alacke; 3;
swift; 2;
nettles; 1;
discomfort; 1;
ayre; 12;
but; 249;
oredoing; 1;
moods; 1;
buy; 4;
volly; 1;
encrease; 1;
hilts; 1;
bestild; 1;
phoebus; 1;
gaue; 7;
been; 3;
beer; 1;
ayry; 1;
moode; 1;
longer; 5;
faining; 1;
roares; 1;
extasie; 4;
gaut; 1;
frownd; 1;
doest; 1;
tongue; 14;
ambassadors; 3;
hyre; 1;
stronger; 4;
longed; 1;
paint; 1;
dismantled; 1;
modestie; 4;
gate; 2;
picture; 2;
obiects; 1;
vouchers; 2;
harlots; 1;
insinuation; 1;
ingagd; 1;
sing; 5;
paine; 1;
adheres; 1;
pearle; 1;
reuengefull; 1;
vantage; 2;
north; 1;
israel; 1;
iigge; 1;
grandsire; 1;
stalkes; 1;
crownes; 1;
crowner; 1;
orderly; 1;
turne; 4;
gallowes; 4;
obiect; 1;
opend; 1;
resort; 1;
turnd; 4;
hurts; 1;
interre; 1;
importund; 1;
ordenance; 1;
afoot; 1;
inheritance; 1;
begin; 6;
complie; 1;
organ; 1;
quite; 4;
crowne; 6;
heeles; 4;
rapiers; 3;
guiltlesse; 1;
conuert; 2;
their; 48;
mowes; 1;
bisson; 1;
said; 13;
mone; 1;
truncheons; 1;
ake; 1;
noted; 1;
lamound; 1;
ghost; 21;
shal; 4;
stooping; 1;
sanctity; 1;
lord; 212;
polake; 1;
iaw; 1;
taints; 1;
deed; 8;
story; 2;
cousend; 1;
strumpetfortune; 1;
flourishes; 1;
departed; 1;
vnhouzzled; 1;
virgin; 1;
instant; 4;
breath; 13;
modesties; 1;
christians; 1;
affection; 4;
chowgh; 1;
whereto; 4;
wretch; 3;
image; 4;
credent; 1;
he; 196;
ha; 11;
mony; 1;
voyage; 2;
solidity; 1;
sement; 1;
grownd; 2;
growne; 4;
warre; 2;
go; 48;
yea; 4;
sage; 1;
mole; 1;
tyrant; 1;
forgiue; 2;
raisd; 1;
excellent; 11;
instances; 1;
ayme; 1;
hypocrites; 1;
stopp; 1;
repent; 3;
stops; 1;
fencing; 1;
deserued; 1;
consider; 2;
sheel; 2;
battery; 1;
carrion; 1;
anckle; 1;
left; 4;
do; 96;
painting; 1;
shees; 1;
sable; 2;
stood; 4;
look; 5;
safe; 2;
stirre; 3;
violence; 4;
stirrd; 1;
debt; 1;
promontory; 1;
needs; 6;
gyantlike; 1;
distresse; 1;
thoult; 2;
renish; 2;
poland; 1;
yes; 5;
ioyntlabourer; 1;
newes; 11;
neede; 3;
sprindge; 1;
praying; 1;
perdie; 1;
vowes; 6;
tongues; 2;
mercurie; 1;
legs; 1;
em; 2;
notes; 1;
ago; 1;
napkin; 1;
yet; 37;
swearing; 2;
vngartred; 1;
shes; 1;
player; 4;
shew; 19;
playd; 1;
whereon; 5;
playes; 1;
stone; 2;
enterprize; 2;
norman; 3;
lone; 1;
by; 104;
plays; 1;
long; 17;
plye; 1;
cloath; 1;
obligation; 2;
ioyfully; 1;
any; 17;
depends; 2;
dead; 30;
vnderstanding; 3;
vouchsafe; 3;
dignity; 2;
be; 191;
radiant; 1;
priest; 3;
mirrour; 1;
seeing; 4;
acrosse; 1;
informe; 1;
likely; 2;
lome; 2;
subiect; 3;
sleepes; 4;
slaughters; 1;
ift; 3;
and; 862;
vphoorded; 1;
behinde; 5;
vnmanly; 1;
sterne; 1;
seeming; 4;
oddes; 3;
roman; 1;
vnsanctified; 1;
lighted; 1;
lend; 4;
imperfections; 1;
declension; 1;
does; 19;
gall; 2;
mountebanke; 1;
reare; 1;
drunke; 1;
amb; 1;
husband; 8;
herbegrace; 1;
forged; 1;
stole; 3;
stockings; 1;
torches; 1;
affrighted; 1;
defence; 2;
hands; 9;
ice; 2;
euerpreserued; 1;
buried; 6;
all; 109;
passe; 5;
dragd; 1;
houses; 2;
gleand; 1;
speed; 4;
cocke; 5;
adowne; 1;
at; 81;
as; 205;
gleane; 1;
dispatcht; 1;
memory; 7;
crab; 1;
stages; 1;
shee; 1;
gentlewoman; 1;
al; 1;
reckon; 1;
quarry; 1;
raine; 1;
slips; 1;
ide; 1;
color; 1;
am; 52;
an; 53;
bridebed; 1;
therfore; 1;
manner; 1;
attractiue; 1;
forget; 4;
ah; 2;
tyrannically; 1;
no; 137;
cloathes; 1;
thirtie; 2;
forgotten; 1;
of; 608;
rouse; 2;
button; 1;
wholsom; 1;
doot; 5;
feast; 3;
on; 123;
tinct; 1;
cousen; 1;
hallowd; 1;
oh; 81;
dond; 1;
growes; 4;
or; 103;
done; 21;
ieering; 1;
commend; 4;
threaten; 1;
pe; 1;
ayde; 1;
appeares; 3;
bites; 1;
month; 2;
bodies; 4;
delay; 2;
comment; 1;
small; 1;
wisely; 2;
region; 2;
feare; 20;
crew; 2;
most; 77;
aside; 1;
ly; 1;
warmd; 1;
shipped; 1;
cornelius; 4;
me; 228;
dore; 1;
aygre; 1;
wrinkled; 1;
whereof; 2;
carriages; 5;
collected; 2;
beautified; 1;
milke; 1;
puft; 1;
loines; 1;
perpend; 1;
my; 502;
selleredge; 1;
mortizd; 1;
switzers; 1;
idle; 4;
twofold; 1;
consonancy; 1;
comingled; 1;
tether; 1;
account; 1;
auspicious; 1;
sometime; 1;
earth; 21;
moue; 6;
lowd; 2;
attendant; 4;
diuided; 1;
childe; 2;
repell; 1;
more; 89;
age; 8;
crimes; 3;
noble; 16;
enmity; 1;
vppon; 1;
expostulate; 1;
cloake; 1;
int; 11;
ins; 5;
hadst; 3;
offences; 2;
pursued; 1;
loud; 5;
caesar; 2;
loue; 65;
endure; 1;
soueraigne; 3;
la; 2;
mountaines; 2;
challenger; 1;
causes; 1;
waile; 1;
vnwilling; 1;
vnrung; 1;
lost; 8;
laboured; 1;
infects; 1;
cosin; 3;
drift; 4;
compasse; 1;
ho; 6;
playing; 2;
if; 111;
wherein; 4;
dumbe; 6;
lest; 2;
reaks; 1;
those; 20;
is; 315;
it; 415;
potent; 2;
ill; 6;
crib; 1;
crie; 1;
vgly; 1;
quoted; 1;
weakest; 1;
dole; 1;
im; 3;
termagant; 1;
prythee; 5;
know; 69;
in; 384;
ile; 58;
spend; 1;
coynage; 1;
soild; 1;
lose; 4;
coozenage; 1;
pitty; 2;
busines; 1;
twenty; 2;
claudio; 1;
violet; 1;
necessary; 2;
act; 9;
cheerefully; 2;
beauteous; 1;
lets; 13;
smart; 1;
praist; 1;
betime; 1;
deckt; 1;
rosincrane; 3;
knew; 4;
winner; 1;
touchd; 1;
swaggering; 1;
plact; 1;
ready; 1;
commandment; 4;
westward; 1;
arraigne; 1;
forgot; 5;
natiue; 4;
hebenon; 1;
place; 6;
serious; 1;
placd; 1;
knee; 1;
reade; 2;
fantasie; 2;
how; 89;
vnschoold; 1;
acquaint; 1;
reads; 1;
grace; 12;
expell; 2;
natures; 2;
pure; 2;
secundus; 1;
indeede; 3;
hot; 6;
load; 1;
hoo; 1;
hor; 95;
we; 128;
wisest; 3;
thrice; 4;
hymen; 1;
choice; 1;
brothell; 1;
killd; 4;
hoa; 5;
hardly; 1;
valour; 1;
sinne; 2;
vs; 62;
brought; 5;
reasons; 1;
eats; 1;
hart; 1;
vp; 35;
winnowed; 1;
marcellus; 10;
oppression; 1;
denote; 1;
speake; 55;
shewd; 1;
accounted; 1;
eate; 2;
hard; 3;
axe; 2;
discourse; 5;
grained; 1;
vnpreuayling; 1;
ithsunne; 1;
weeke; 1;
lanke; 1;
outward; 3;
front; 1;
speaks; 1;
frend; 1;
ambiguous; 1;
inclind; 1;
swathing; 1;
field; 1;
owne; 31;
frighted; 1;
wards; 1;
vsurpe; 1;
wittenberg; 3;
weapon; 2;
blossomes; 1;
part; 18;
iawes; 1;
aye; 2;
keep; 1;
owle; 1;
to; 683;
hall; 1;
sipping; 1;
fierie; 1;
weede; 1;
frost; 1;
round; 6;
messenger; 4;
th; 33;
miching; 1;
vpon; 50;
kingly; 1;
vnknowing; 1;
superuize; 1;
prankes; 1;
welcome; 16;
twould; 1;
hermony; 1;
vnhand; 1;
verse; 1;
so; 189;
impression; 1;
indued; 1;
broakers; 1;
pale; 8;
se; 1;
nation; 2;
weedy; 1;
poyson; 6;
vnfledgd; 1;
wormwood; 2;
thrift; 4;
killes; 3;
weeds; 2;
outragious; 1;
appeare; 3;
ro; 1;
quicke; 6;
trade; 2;
treads; 1;
selfeslaughter; 1;
interpret; 1;
expend; 1;
strings; 1;
heraldrie; 1;
hang; 4;
hand; 19;
liberty; 4;
reach; 1;
prince; 2;
shut; 1;
beerebarrell; 1;
envenom; 1;
deny; 2;
plaid; 2;
qu; 62;
appeard; 3;
confession; 3;
trace; 1;
moreouer; 1;
accurst; 1;
accord; 1;
forty; 1;
purgation; 1;
knocking; 1;
remembrances; 1;
mighty; 2;
puld; 1;
denmark; 1;
praise; 3;
praisd; 1;
halt; 1;
forth; 5;
shell; 1;
beautifed; 1;
marching; 1;
test; 1;
excuse; 1;
weepe; 4;
pluck; 2;
ponderous; 1;
whether; 4;
city; 2;
course; 5;
open; 2;
commendable; 1;
are; 121;
midnight; 1;
deaths; 1;
secunda; 2;
flaggon; 1;
hecats; 1;
fooles; 2;
knockt; 1;
vengeance; 2;
smoothnesse; 1;
brothers; 9;
occasions; 2;
rouce; 1;
art; 17;
knocke; 1;
prepard; 1;
fors; 2;
prepare; 3;
fort; 2;
slings; 1;
hiperion; 1;
nightly; 2;
quarelling; 1;
present; 3;
aslant; 1;
impatient; 1;
plaistring; 1;
imploy; 1;
hatchment; 1;
confederate; 1;
dominions; 1;
shent; 1;
ship; 1;
neglect; 1;
lesse; 7;
bloodily; 1;
stranger; 1;
delight; 3;
bountie; 1;
fiery; 2;
signet; 1;
ape; 2;
fiers; 1;
money; 1;
fore; 2;
commings; 1;
acquire; 1;
hum; 1;
gins; 1;
mock; 3;
apt; 2;
laertes; 35;
orewhelm; 1;
profound; 2;
speak; 5;
vniuersity; 1;
should; 54;
goblin; 1;
suspiration; 1;
point; 5;
tryalls; 1;
refraine; 1;
walkes; 2;
stones; 1;
pace; 3;
shoo; 1;
hate; 1;
hath; 57;
arrests; 1;
little; 13;
determination; 1;
show; 4;
dipping; 1;
shot; 4;
fool; 1;
though; 22;
abilitie; 1;
rogue; 2;
dismay; 1;
puts; 2;
robustious; 1;
proper; 2;
winking; 1;
allegeance; 1;
awe; 2;
except; 1;
easie; 1;
sandal; 1;
comerce; 1;
hast; 27;
prolongs; 1;
gertrude; 13;
crye; 1;
food; 1;
pelion; 1;
giue; 59;
trueloue; 1;
beares; 2;
courses; 1;
yare; 2;
creatures; 3;
ophe; 56;
harrowes; 1;
kingdome; 5;
push; 1;
forme; 12;
stowed; 1;
fond; 2;
confesse; 5;
fresh; 1;
kneeles; 1;
dyed; 3;
monument; 1;
maiden; 2;
ath; 2;
beards; 1;
ye; 10;
blowne; 2;
haue; 175;
withall; 6;
conclusions; 1;
mortall; 4;
strooke; 3;
armour; 2;
baudry; 1;
secret; 4;
withins; 1;
saylor; 1;
violl; 1;
president; 1;
beggard; 1;
poleak; 2;
inuite; 1;
oreway; 1;
shatter; 1;
chance; 2;
furnish; 1;
gumme; 1;
thanks; 1;
paiocke; 1;
punisht; 1;
sprinkle; 1;
presures; 1;
hobyhorse; 1;
bought; 1;
right; 11;
keene; 2;
purchases; 1;
tride; 1;
prate; 1;
preparations; 1;
bespeake; 1;
fey; 1;
few; 3;
fee; 2;
palme; 2;
hits; 3;
fed; 1;
paradox; 1;
touch; 6;
arras; 3;
dilated; 1;
breefe; 3;
ashamd; 1;
comedie; 2;
stickes; 1;
ministers; 1;
enemies; 2;
beame; 1;
byrlady; 2;
made; 29;
vpont; 2;
porpentine; 1;
inquiry; 1;
trickes; 2;
shouell; 1;
aduancd; 1;
demanded; 1;
thanke; 7;
hazard; 1;
doome; 1;
willingly; 2;
doomd; 1;
lunacy; 1;
essentially; 1;
beetles; 1;
broke; 2;
choller; 2;
propertie; 1;
new; 3;
strongest; 1;
vnmixt; 1;
howling; 1;
wisedomes; 1;
guest; 2;
soales; 1;
hower; 3;
chace; 1;
orerule; 1;
change; 3;
precedent; 1;
lead; 3;
spoken; 2;
compelld; 1;
scapes; 1;
spokes; 1;
superfluous; 1;
compact; 1;
march; 5;
nobler; 1;
witch; 1;
beloud; 1;
adaies; 1;
halfepeny; 1;
nods; 1;
comma; 1;
watch; 14;
fat; 6;
yesterday; 1;
peepe; 2;
wheele; 3;
delicate; 1;
rood; 1;
often; 2;
shelfe; 1;
opinions; 2;
expence; 1;
make; 54;
whispers; 1;
distant; 1;
thereabout; 1;
occasion; 2;
happinesse; 1;
tarre; 1;
validitie; 1;
through; 7;
keepe; 17;
nunnerie; 1;
fantasticke; 1;
garments; 1;
proofe; 6;
vnuallued; 1;
scullion; 1;
behoue; 1;
bubbles; 1;
layes; 1;
trappings; 1;
rome; 1;
freeze; 1;
maid; 6;
nay; 26;
sanitie; 1;
aske; 2;
rots; 1;
thinke; 42;
darst; 1;
queene; 39;
rant; 1;
carried; 1;
glow; 1;
lightnesse; 1;
easterne; 1;
greatnesse; 1;
scant; 1;
rank; 1;
errors; 1;
sutes; 1;
askt; 1;
carries; 1;
report; 5;
tokens; 1;
chopfalne; 1;
formall; 1;
hill; 3;
forehead; 2;
blackest; 1;
shouldst; 2;
apprehension; 2;
hangers; 3;
boades; 1;
rose; 4;
vertue; 13;
griefe; 2;
silence; 5;
rascall; 1;
magicke; 1;
lender; 1;
indeed; 27;
clamour; 1;
weighing; 1;
scape; 2;
broad; 2;
lords; 5;
faction; 1;
rore; 1;
dutie; 5;
grauemaker; 2;
veyled; 1;
protests; 1;
built; 1;
note; 6;
olympus; 1;
wilfully; 1;
water; 6;
sickly; 1;
faith; 12;
incapable; 1;
repose; 1;
sending; 2;
vnfold; 3;
nose; 2;
patch; 1;
tablebooke; 1;
aduise; 1;
paddocke; 1;
illium; 1;
ouer; 4;
vlcerous; 1;
locke; 3;
lockd; 1;
where; 53;
beart; 1;
beast; 5;
almost; 7;
gauntlets; 1;
iest; 3;
forrest; 1;
priuate; 1;
gentle; 4;
rare; 1;
defeats; 1;
remorselesse; 1;
proceed; 1;
action; 10;
wonder; 3;
none; 13;
obscure; 1;
strucken; 1;
somthing; 2;
eye; 14;
honie; 1;
imminent; 1;
mountaine; 3;
valentines; 1;
defeate; 1;
enuy; 1;
opposition; 2;
hindges; 1;
beats; 1;
barbary; 2;
restore; 1;
lockt; 1;
gently; 1;
brauery; 1;
acting; 1;
rowe; 1;
posset; 1;
barbars; 1;
fauourites; 1;
comst; 2;
scale; 2;
triuiall; 1;
partizan; 1;
whirlewinde; 1;
shaking; 1;
vngorgd; 1;
recouer; 3;
knaues; 1;
heyday; 1;
sprung; 1;
rate; 1;
conceited; 1;
below; 2;
danskers; 1;
vnsatisfied; 1;
exceedingly; 1;
capons; 1;
indifferently; 1;
vapours; 1;
into; 27;
nony; 3;
temperance; 1;
infaith; 2;
entertainment; 3;
luxury; 1;
fellowes; 5;
themselues; 5;
rash; 3;
dicers; 1;
tender; 3;
beare; 13;
envenomd; 2;
beard; 6;
cataplasme; 1;
things; 11;
marke; 13;
lewdnesse; 1;
quiddits; 1;
estate; 3;
darke; 1;
affront; 1;
blunt; 1;
ours; 2;
blew; 1;
companions; 1;
faine; 3;
hasten; 1;
hide; 4;
easinesse; 2;
feature; 2;
englands; 1;
bestowd; 2;
iudges; 1;
instrumentall; 1;
tragedie; 3;
rendeuous; 1;
dukes; 1;
nonce; 1;
pastime; 2;
extant; 1;
pregnant; 2;
meditation; 1;
fauours; 2;
hyperions; 1;
asse; 4;
sorrie; 2;
mugger; 1;
respeaking; 1;
expectansie; 1;
lippes; 1;
thhyrcanian; 1;
sticke; 3;
beautie; 4;
substance; 1;
strike; 2;
faile; 1;
chast; 2;
griefes; 1;
filiall; 1;
trespasse; 1;
borne; 7;
repugnant; 1;
visage; 5;
learning; 1;
prouidence; 2;
young; 9;
admit; 2;
picked; 1;
narrow; 1;
pittie; 2;
mount; 2;
affections; 1;
basket; 2;
garden; 2;
quickly; 1;
serues; 2;
elsenour; 1;
fayld; 1;
fishmonger; 2;
coronation; 1;
requit; 1;
loses; 1;
trophee; 1;
counsellor; 1;
proiect; 1;
springs; 1;
ignorant; 2;
faire; 20;
ordinance; 1;
ranck; 1;
mouth; 6;
places; 1;
youth; 14;
heeres; 5;
adioynd; 1;
vndiscouered; 1;
awhile; 7;
farre; 12;
grauemakers; 1;
scripture; 2;
freely; 5;
vnskilfull; 1;
raines; 1;
famous; 1;
powers; 2;
mouse; 2;
ere; 15;
defectiue; 1;
ouerlookd; 1;
sauory; 1;
affayre; 1;
deluer; 1;
precious; 2;
tutor; 1;
dirty; 1;
question; 14;
capitol; 1;
placed; 1;
rugged; 2;
yours; 6;
foode; 1;
seasond; 1;
recount; 1;
hawke; 1;
restraind; 1;
hastie; 1;
inky; 1;
appointment; 1;
effect; 6;
seasons; 1;
priams; 1;
embracing; 1;
high; 3;
glassie; 1;
strife; 1;
scholler; 1;
goblins; 1;
peece; 6;
lodge; 1;
lodgd; 1;
very; 49;
plundge; 1;
meerely; 2;
clossets; 1;
somnet; 1;
towards; 2;
vnnaneld; 1;
inlargd; 1;
lenton; 1;
anothers; 1;
exchange; 2;
counterfet; 1;
fares; 2;
charitable; 2;
espials; 1;
bleede; 1;
flints; 1;
prisonhouse; 1;
teeth; 2;
els; 2;
non; 1;
many; 15;
not; 300;
memorie; 2;
solid; 1;
blench; 1;
nor; 32;
soldiers; 3;
start; 4;
now; 92;
satisfaction; 1;
mans; 5;
prize; 1;
rheume; 1;
shreds; 1;
strict; 1;
dirge; 1;
steepd; 1;
steepe; 1;
kisses; 3;
moones; 1;
forgiuenesse; 1;
range; 1;
bosome; 4;
postscript; 1;
performe; 1;
purposes; 2;
panders; 1;
tempest; 1;
captaines; 1;
escape; 2;
performd; 1;
foolish; 3;
commencement; 1;
blanket; 1;
blankes; 1;
maiesticall; 2;
ene; 2;
groundlings; 1;
mine; 44;
murdrous; 1;
mind; 2;
end; 17;
rowsed; 1;
sharpe; 1;
organe; 1;
beauties; 1;
iemme; 1;
vncharge; 1;
rests; 2;
humorous; 1;
already; 4;
vpspring; 1;
realme; 1;
blush; 2;
keepes; 6;
didst; 4;
beautied; 1;
escorted; 1;
vnpolluted; 1;
bloody; 3;
lowest; 1;
deuoutly; 1;
reading; 2;
recoueries; 2;
italian; 1;
theame; 2;
vnyoake; 1;
gauled; 1;
decline; 1;
conuerted; 1;
threatning; 1;
skin; 1;
villanous; 1;
varnish; 1;
farwell; 1;
dearest; 1;
presently; 5;
sorrowes; 1;
beteene; 1;
kissing; 1;
speciall; 3;
mark; 2;
coward; 1;
slaue; 5;
comes; 23;
secrecie; 2;
denmarks; 2;
mart; 1;
mars; 2;
kindles; 1;
aduice; 3;
pollonius; 1;
sicke; 3;
known; 1;
denmarke; 19;
warlicke; 1;
woe; 8;
knowe; 1;
farme; 1;
designe; 1;
issue; 2;
state; 13;
ranke; 6;
coronet; 1;
braine; 5;
primus; 1;
befitted; 1;
kicke; 1;
sharkd; 1;
because; 1;
euery; 8;
wot; 1;
knaue; 5;
shriuing; 1;
quoth; 1;
won; 1;
infants; 1;
blow; 2;
flatter; 1;
vsurpst; 1;
sollemne; 1;
minutes; 1;
inch; 1;
taske; 1;
vision; 1;
downe; 26;
philosophie; 1;
gates; 1;
labour; 2;
purging; 2;
secricie; 1;
lapwing; 1;
infect; 1;
dropping; 1;
shoulder; 1;
candied; 1;
chide; 1;
doore; 4;
wishd; 1;
need; 1;
visite; 1;
fret; 1;
benefit; 1;
venome; 2;
amazement; 2;
higher; 1;
venomd; 1;
requiem; 1;
hypocrite; 1;
free; 10;
search; 1;
iawbone; 1;
staid; 3;
sodainely; 1;
trifle; 1;
naught; 2;
saide; 2;
myraculous; 1;
once; 19;
outherods; 1;
knowst; 2;
prophane; 1;
gis; 1;
iowles; 1;
apart; 2;
vnseene; 3;
deere; 20;
adreames; 1;
letters; 7;
affaires; 1;
dogge; 2;
before; 17;
perceiued; 1;
horrible; 4;
mockery; 1;
trouble; 1;
vnprofitable; 1;
gho; 9;
warmes; 1;
could; 31;
afarre; 1;
sayest; 1;
suckd; 1;
blasted; 2;
desires; 3;
intreat; 2;
banke; 1;
himselfe; 20;
wel; 2;
filme; 1;
suckt; 1;
wrath; 1;
wed; 3;
wee; 7;
addicted; 1;
ones; 3;
hoopes; 1;
fire; 11;
saies; 3;
possession; 1;
paule; 1;
blason; 1;
russet; 1;
suiting; 1;
coppied; 1;
breed; 2;
lecture; 1;
crooke; 1;
begger; 3;
curiously; 1;
falshood; 1;
same; 13;
doctor; 1;
who; 40;
close; 3;
pause; 3;
herod; 1;
slight; 1;
pole; 2;
passage; 2;
maids; 3;
ouerdone; 2;
opinion; 1;
wrongd; 2;
scanter; 1;
calues; 1;
gen; 1;
think; 4;
losse; 1;
get; 9;
vnsmirched; 1;
sting; 2;
findes; 2;
fixt; 3;
sayes; 6;
warrantie; 1;
claime; 1;
thine; 14;
flies; 1;
stale; 1;
iudge; 3;
eielids; 1;
pound; 1;
salt; 3;
thing; 25;
fiue; 1;
addresse; 1;
carefully; 1;
neck; 1;
formes; 3;
fallies; 1;
wonderwounded; 1;
imperiall; 2;
former; 2;
iulius; 1;
dishonour; 2;
turneth; 1;
safely; 3;
fits; 2;
massie; 1;
throw; 4;
england; 20;
wit; 4;
priuy; 1;
wandring; 1;
sides; 3;
affaire; 3;
enters; 1;
chanson; 1;
still; 18;
proposer; 1;
win; 2;
statists; 1;
oft; 10;
wil; 4;
beckons; 1;
persons; 2;
message; 1;
bodkin; 1;
vngalled; 1;
stand; 15;
diadem; 2;
off; 19;
sixeteene; 1;
moued; 1;
operant; 1;
why; 60;
apale; 1;
flaxen; 1;
sorrow; 6;
towring; 1;
bands; 1;
aloofe; 2;
confines; 1;
court; 4;
recorders; 1;
roughly; 2;
french; 5;
imaginations; 1;
cure; 1;
hurling; 1;
curd; 1;
perturbed; 1;
bawdy; 1;
hobyhorsse; 1;
moues; 1;
heate; 4;
heares; 2;
hearer; 1;
bread; 1;
woer; 1;
vnbated; 1;
only; 1;
puzels; 1;
iudgement; 10;
rimd; 1;
forgetting; 1;
knife; 1;
pourd; 1;
poure; 1;
fetch; 2;
ring; 2;
walke; 9;
heart; 29;
honying; 1;
antike; 1;
compulsiue; 1;
againe; 34;
third; 3;
morrow; 5;
deiect; 1;
sitting; 1;
prima; 1;
fould; 1;
foule; 12;
bounded; 1;
hammers; 1;
shamefull; 1;
beseech; 7;
waight; 1;
different; 1;
creation; 1;
wholsome; 5;
humanity; 1;
moment; 2;
sonnes; 2;
sonnet; 1;
calles; 1;
findst; 1;
abstinence; 1;
meanes; 19;
pioner; 1;
closes; 4;
mildewd; 1;
peaceparted; 1;
frends; 1;
walkt; 1;
dawning; 1;
frailty; 1;
heard; 14;
heare; 30;
vpshot; 1;
diddest; 1;
ducate; 1;
sawt; 1;
dupt; 1;
windlesses; 1;
deuices; 1;
obsequies; 1;
hearers; 2;
wauing; 1;
sparrow; 1;
masse; 3;
grosser; 1;
kettle; 2;
residence; 1;
remaine; 1;
yawne; 1;
ripe; 1;
bellowed; 1;
standing; 1;
negligence; 1;
tediousnesse; 1;
vouch; 1;
poore; 20;
contumely; 1;
defeated; 1;
rebellious; 2;
outliues; 1;
count; 4;
foure; 4;
deeme; 1;
heerein; 4;
betweene; 15;
adulterate; 1;
tardie; 1;
disperate; 1;
mermaidlike; 1;
saue; 5;
burthen; 1;
beleeued; 1;
stiffely; 1;
oare; 1;
belieue; 1;
heres; 4;
impond; 2;
machine; 1;
benetted; 1;
stealers; 1;
glasse; 2;
dust; 7;
likes; 3;
vnequall; 1;
tunes; 1;
blasts; 1;
sate; 3;
heauy; 4;
armd; 4;
arme; 5;
moult; 1;
earnest; 1;
wax; 1;
way; 11;
circumscribd; 1;
baktmeats; 1;
from; 89;
hearke; 1;
seuerall; 1;
fancie; 1;
stage; 4;
was; 81;
flourish; 4;
vertues; 1;
spacious; 1;
ordinate; 1;
primy; 1;
mould; 1;
duty; 8;
poet; 1;
heauenkissing; 1;
rise; 2;
actors; 2;
poem; 1;
squeezing; 1;
leysure; 2;
commanded; 1;
imediate; 1;
audience; 5;
maine; 3;
deepe; 3;
important; 1;
recouery; 1;
intent; 2;
oath; 2;
ambition; 5;
illes; 1;
contraction; 1;
heaun; 2;
yesty; 1;
rite; 1;
courb; 1;
mason; 2;
bleed; 1;
wag; 2;
libertine; 1;
receiue; 7;
enseamed; 1;
prodigall; 2;
vnripe; 1;
intend; 1;
garland; 1;
girdle; 1;
found; 5;
receiud; 3;
opposing; 1;
wood; 1;
imbarkt; 1;
arrow; 1;
villaine; 11;
behauior; 1;
divulging; 1;
poysoner; 2;
rage; 3;
assurd; 2;
assure; 1;
vnnaturall; 4;
pride; 1;
danger; 4;
bilboes; 1;
woot; 4;
forward; 1;
greetings; 1;
innouation; 1;
sallets; 1;
vnto; 5;
wanton; 3;
lifted; 1;
dying; 1;
soopstake; 1;
pittied; 1;
ends; 2;
honor; 6;
purples; 1;
ruine; 1;
vnsinnowed; 1;
fye; 2;
theres; 16;
proceeding; 1;
wont; 3;
supper; 2;
coming; 1;
own; 2;
split; 1;
reynol; 13;
stayes; 1;
facd; 1;
multitude; 1;
face; 10;
lapst; 1;
anticke; 2;
grones; 1;
next; 4;
threats; 1;
cursed; 4;
vse; 13;
leuell; 1;
happy; 2;
possest; 1;
disprizd; 1;
caught; 3;
vsd; 2;
drowned; 1;
knowes; 3;
appliance; 1;
maist; 1;
sweets; 1;
vnder; 5;
elsonower; 3;
throate; 2;
priam; 4;
angle; 1;
drownes; 1;
vulgar; 2;
familiar; 1;
requite; 1;
mutes; 2;
adores; 1;
currants; 2;
husbandry; 1;
breadth; 1;
faces; 2;
mettle; 2;
seizd; 1;
dreamt; 1;
surrender; 1;
vntimely; 1;
northerly; 1;
rages; 1;
nero; 1;
muddy; 1;
takes; 7;
nere; 2;
daintier; 1;
oth; 2;
dreame; 5;
lugge; 1;
gender; 1;
reuels; 1;
taken; 2;
vndertakings; 1;
falles; 3;
sweete; 2;
conference; 1;
reechie; 1;
indirections; 1;
oppressors; 1;
marry; 15;
index; 1;
earthly; 1;
rotten; 2;
prologue; 4;
caines; 1;
reformd; 1;
signifie; 2;
reforme; 1;
bakers; 1;
sizd; 1;
plentifull; 1;
angel; 1;
speedier; 1;
anger; 1;
weeping; 1;
osr; 18;
musicke; 7;
stroakes; 1;
opposite; 1;
maiesty; 8;
fra; 1;
milkie; 1;
defie; 1;
well; 70;
inclination; 2;
knight; 1;
lust; 2;
wondrous; 2;
sallery; 1;
madnesse; 21;
sayst; 1;
supply; 1;
haply; 2;
disposition; 5;
functions; 1;
brest; 1;
consent; 3;
cups; 1;
dull; 5;
oremastert; 1;
wheaten; 1;
duls; 1;
foredoes; 1;
shortens; 1;
vnknowne; 1;
touching; 3;
wold; 1;
our; 130;
out; 52;
vnfortified; 1;
assaid; 1;
occurrents; 1;
wooes; 1;
shrunke; 1;
flash; 1;
waste; 2;
mouing; 1;
marble; 1;
fox; 1;
for; 241;
sober; 1;
ope; 1;
hundred; 2;
speedie; 1;
angry; 1;
falling; 2;
sweepe; 1;
baptista; 1;
clout; 1;
greefes; 2;
went; 5;
opd; 1;
whence; 1;
perywigpated; 1;
heathen; 1;
gifts; 4;
normandy; 1;
mightier; 1;
saile; 3;
glad; 4;
bruite; 2;
hideous; 1;
quicknesse; 1;
minister; 1;
lockes; 1;
guilty; 5;
fain; 1;
garlands; 1;
table; 6;
clown; 2;
fretted; 1;
clowd; 1;
cried; 2;
loosing; 1;
murthered; 1;
teares; 8;
brainish; 1;
fearfull; 1;
ground; 8;
lispe; 1;
ore; 15;
perfections; 1;
diseases; 1;
wharfe; 1;
character; 2;
minds; 2;
norway; 4;
brazon; 1;
yond; 1;
murtherer; 1;
yong; 8;
occulted; 1;
messengers; 1;
ielly; 1;
highly; 1;
weapons; 1;
doublet; 1;
guildensterne; 17;
scannd; 1;
obseruant; 1;
afternoone; 1;
saint; 3;
tryall; 2;
quest; 1;
graue; 10;
fretfull; 1;
welcom; 1;
proportions; 1;
article; 1;
foh; 1;
diuell; 4;
foe; 2;
fall; 8;
amisse; 1;
distract; 1;
preaching; 1;
sancturize; 1;
tenders; 3;
daggers; 2;
minde; 10;
fruitfull; 1;
fals; 2;
old; 17;
grant; 1;
suppliance; 1;
lasting; 2;
answers; 1;
bedded; 1;
racd; 1;
fortune; 9;
scorne; 1;
fame; 1;
pleasd; 2;
lowdly; 1;
were; 26;
please; 11;
grand; 1;
humour; 1;
three; 9;
answere; 4;
kites; 1;
arriued; 1;
work; 1;
vndoe; 1;
worm; 1;
sokes; 1;
celebrated; 1;
letter; 3;
carde; 1;
sowing; 1;
tune; 2;
amities; 1;
obseruation; 1;
colours; 1;
nimph; 1;
eternall; 2;
pigeonliuerd; 1;
wassels; 1;
company; 1;
roses; 1;
fran; 8;
fighting; 2;
word; 11;
knowne; 7;
wore; 1;
forestalled; 1;
passing; 3;
clay; 3;
rosin; 43;
galld; 1;
reuolution; 1;
norwey; 5;
serue; 1;
fie; 5;
behaued; 1;
allow; 1;
casuall; 1;
caution; 1;
pollax; 1;
perusall; 1;
one; 46;
knauish; 2;
returneth; 1;
flame; 2;
minute; 1;
milche; 1;
iangled; 1;
fit; 12;
riuals; 1;
galls; 2;
feares; 1;
offices; 1;
ont; 9;
solicited; 1;
perfect; 1;
serud; 2;
passion; 11;
fine; 9;
find; 2;
lists; 1;
vow; 2;
profit; 2;
heyre; 1;
rich; 3;
fill; 1;
moderate; 1;
returne; 5;
returnd; 4;
boystrous; 1;
clad; 1;
admiration; 3;
ioyntly; 1;
dalliance; 1;
safety; 4;
mournd; 1;
obseruance; 2;
peebles; 1;
assume; 3;
damnation; 1;
foyles; 5;
thats; 15;
blister; 1;
neyther; 2;
folly; 1;
particular; 5;
vnhappily; 1;
thaue; 2;
time; 44;
married; 3;
gouerne; 1;
barn; 10;
distemper; 3;
rebuke; 1;
duties; 1;
niggard; 1;
shuffeld; 1;
lordship; 6;
bare; 2;
thunder; 2;
contagious; 1;
host; 1;
wide; 4;
ratified; 1;
bapt; 1;
surge; 1;
pocket; 1;
exployt; 1;
ostentation; 1;
lines; 3;
faculty; 2;
necessitie; 1;
practise; 1;
smooth; 2;
depart; 1;
queen; 8;
motiue; 4;
beware; 2;
cautell; 1;
betters; 1;
patient; 3;
emphasis; 1;
wonted; 2;
turbulent; 1;
traitorous; 1;
opposites; 1;
starling; 1;
readinesse; 1;
perceiue; 1;
censure; 3;
buttons; 1;
cicatrice; 1;
meaning; 1;
gilded; 1;
thankes; 9;
till; 19;
heereafter; 1;
lunacies; 1;
intreated; 1;
bird; 2;
comfort; 1;
vnlesse; 3;
breeder; 1;
newborne; 1;
base; 4;
grisly; 1;
strikes; 1;
aunt; 1;
vttered; 1;
horson; 1;
nerue; 1;
denmarkes; 1;
competent; 1;
holdst; 1;
twere; 10;
sindging; 1;
leuied; 1;
fate; 2;
kist; 1;
tane; 3;
tand; 1;
friendship; 2;
firme; 1;
leuies; 2;
annoint; 1;
crowing; 1;
gentleman; 9;
flames; 1;
bedrid; 1;
impotence; 1;
iust; 3;
betterd; 1;
bounds; 1;
shooke; 1;
tame; 3;
discouery; 1;
disclaiming; 1;
names; 1;
secrets; 1;
hopd; 1;
quillets; 1;
day; 24;
creepe; 1;
fast; 4;
inuites; 1;
hope; 7;
emperor; 1;
folke; 1;
songs; 2;
fare; 6;
drabbing; 1;
blaze; 1;
pettie; 1;
howsoeuer; 1;
trumpets; 2;
conuersation; 1;
thart; 1;
mischance; 2;
lights; 4;
marcell; 1;
author; 2;
racke; 1;
gallant; 1;
coole; 1;
shoone; 1;
tale; 4;
compleat; 1;
vaine; 1;
drinke; 14;
lap; 2;
battalians; 1;
law; 7;
mindes; 1;
doores; 2;
lay; 8;
witchcraft; 2;
iustly; 3;
thousand; 8;
traile; 2;
falsely; 1;
hora; 9;
great; 19;
laide; 2;
pendant; 1;
take; 32;
affliction; 3;
encorpst; 1;
hore; 1;
cup; 4;
gentlemen; 12;
reason; 12;
cum; 1;
extrauagant; 1;
otherwise; 3;
deliberate; 1;
cue; 1;
stroke; 1;
ayrie; 1;
conueniently; 1;
byth; 2;
processe; 3;
meere; 3;
carry; 3;
outbreake; 1;
meete; 4;
wild; 2;
asunder; 1;
mothers; 6;
peeuish; 1;
churchyards; 1;
rapier; 3;
hold; 25;
holde; 1;
implorators; 1;
releefe; 1;
carnall; 1;
continuall; 1;
wilt; 8;
sweare; 9;
beshrew; 1;
polon; 38;
historie; 1;
dallying; 1;
recorder; 2;
orizons; 1;
will; 149;
pledge; 1;
ought; 9;
holds; 5;
greeue; 2;
pardon; 6;
home; 6;
mutines; 1;
accident; 3;
liberall; 3;
bethought; 1;
sweart; 1;
driues; 1;
empire; 1;
offall; 1;
eene; 6;
quit; 2;
driuen; 1;
dexterity; 1;
short; 5;
thank; 1;
saylors; 2;
calmes; 1;
euerie; 1;
blasting; 1;
oresized; 1;
patricke; 1;
waites; 1;
fertile; 1;
wisenesse; 1;
hole; 1;
articles; 1;
dozen; 2;
carue; 1;
euill; 2;
sinnewes; 1;
vnpacke; 1;
greet; 1;
dangerous; 6;
sustaine; 1;
houer; 1;
hollow; 1;
concluded; 1;
cryed; 1;
dishes; 1;
linkd; 1;
implements; 1;
method; 2;
cut; 2;
proclaimes; 2;
defect; 1;
seuen; 1;
pangs; 1;
sweaty; 1;
honest; 11;
coniunctiue; 1;
hecticke; 1;
deathbed; 1;
waterflie; 1;
request; 1;
cowards; 1;
schoole; 1;
strook; 1;
parragon; 1;
anticipation; 1;
diuide; 1;
argument; 3;
asking; 2;
preuent; 2;
ayres; 1;
sinnes; 2;
murdering; 1;
boughes; 1;
followd; 1;
tother; 1;
yases; 1;
rabble; 1;
strong; 4;
streets; 1;
dowrie; 1;
horses; 2;
mistris; 3;
shooes; 2;
resolution; 1;
tropically; 1;
slanders; 1;
releeued; 1;
seal; 1;
potion; 1;
weaknesse; 2;
responsiue; 1;
counsell; 3;
wracke; 1;
borrowing; 1;
strickd; 1;
frankely; 2;
forbeare; 1;
shoue; 1;
tast; 1;
goodman; 1;
fitted; 1;
wife; 8;
prayers; 1;
cleft; 1;
shout; 1;
bawd; 1;
hearts; 3;
satisfied; 1;
haire; 2;
prenominate; 1;
knewst; 1;
lungs; 2;
garbage; 1;
hung; 1;
eyes; 20;
likenesse; 1;
seas; 2;
seat; 1;
pronouncing; 1;
liferendring; 1;
along; 3;
commission; 5;
alone; 10;
colleagued; 1;
lying; 1;
contents; 1;
loe; 3;
clo; 29;
grossely; 1;
rossius; 1;
neglected; 2;
inward; 2;
adiew; 1;
sunday; 1;
leaping; 1;
modell; 1;
importunity; 1;
lot; 1;
packet; 1;
adieu; 1;
low; 1;
leigemen; 1;
sweat; 2;
trophies; 1;
woodcocke; 1;
contagion; 2;
acts; 2;
vnproportiond; 1;
bloudie; 1;
babe; 1;
gaingiuing; 1;
greene; 2;
woodcocks; 1;
sect; 1;
oreteamed; 1;
pickhaxe; 1;
soldiours; 1;
lightest; 1;
baby; 2;
license; 1;
reckoning; 1;
thereto; 1;
sulleyes; 1;
potently; 1;
insolence; 1;
seed; 1;
distilment; 1;
feeles; 1;
back; 1;
come; 104;
alexander; 5;
knowest; 1;
feathers; 1;
seen; 2;
royall; 3;
seek; 1;
intruding; 1;
fitting; 1;
bace; 1;
alwayes; 2;
either; 4;
presence; 3;
seruice; 6;
acte; 4;
feeling; 1;
practice; 3;
defend; 2;
gestures; 1;
faded; 1;
ended; 1;
maruell; 1;
discretion; 4;
robin; 1;
maruels; 1;
seet; 1;
greenly; 1;
sees; 1;
comply; 1;
wittemberge; 1;
faithfull; 3;
doomesday; 2;
whos; 2;
select; 1;
bodilesse; 1;
libertie; 1;
cost; 2;
inuestments; 1;
shapes; 2;
render; 1;
wildenesse; 1;
planets; 1;
burnes; 2;
sweet; 22;
thereof; 1;
dreadfull; 3;
sound; 7;
heere; 45;
forgeries; 1;
whom; 4;
english; 1;
ratifiers; 1;
sourse; 2;
haile; 1;
sauagenes; 1;
greeued; 1;
estimation; 1;
thereon; 1;
doubtfull; 2;
arrant; 2;
greeues; 1;
vnderstand; 6;
someuer; 1;
maruellous; 1;
thus; 41;
sacred; 1;
cry; 3;
trebble; 1;
guildenstern; 2;
core; 1;
retyrement; 1;
beseechd; 1;
person; 3;
pestilent; 2;
congregation; 1;
house; 3;
tree; 1;
ossa; 1;
heele; 1;
blazes; 1;
nights; 4;
tertia; 1;
therein; 1;
blame; 4;
million; 1;
womans; 1;
stoppes; 1;
sheene; 1;
seruant; 1;
slender; 1;
houre; 5;
generall; 6;
impasted; 1;
huge; 1;
heauens; 10;
bait; 1;
roughhew; 1;
oretooke; 1;
wretched; 4;
fauour; 4;
replies; 1;
dislike; 1;
fardles; 1;
prayer; 2;
distemperd; 1;
bakd; 2;
secure; 2;
greefe; 10;
cheefely; 1;
prickd; 1;
gods; 6;
pricke; 1;
according; 2;
excellence; 2;
publike; 1;
fatnesse; 1;
penetrable; 1;
millions; 1;
post; 1;
cases; 1;
distracted; 4;
let; 94;
nephewes; 2;
whilst; 6;
sheepe; 1;
ambass; 1;
accidentall; 1;
garbe; 1;
bleeding; 1;
prison; 4;
deepely; 1;
soule; 33;
bugges; 1;
folded; 1;
hither; 8;
allowed; 2;
limbes; 2;
vnpegge; 1;
send; 4;
temperately; 1;
alas; 9;
ghosts; 1;
bodie; 2;
patientlie; 1;
conuoy; 1;
shoote; 2;
drawes; 2;
together; 10;
affraide; 1;
popt; 1;
vncle; 3;
sent; 14;
cold; 6;
laine; 1;
possitiuely; 1;
vnction; 2;
perseuer; 1;
goes; 13;
camell; 2;
carriage; 1;
greeting; 1;
herald; 1;
winters; 1;
vnimproued; 1;
regards; 1;
chaunted; 1;
becke; 1;
remoue; 2;
yorick; 1;
vses; 3;
disappointed; 1;
barren; 1;
bowts; 1;
fearing; 1;
season; 6;
tatters; 1;
flushing; 1;
suite; 2;
match; 2;
foiles; 1;
blast; 2;
madam; 12;
passionate; 2;
sonne; 20;
highest; 1;
selues; 12;
deceiud; 1;
purposd; 1;
sighes; 1;
screend; 1;
purpose; 12;
pons; 1;
consummation; 1;
guifts; 1;
smot; 1;
imployment; 2;
canopy; 1;
showres; 1;
farwel; 1;
iumpe; 1;
couple; 1;
purport; 1;
bestow; 3;
palpable; 1;
pressure; 1;
drooping; 1;
hunts; 1;
poor; 1;
sauiours; 1;
sheets; 1;
adam; 1;
dungeons; 1;
abstracts; 1;
chances; 1;
thornes; 1;
started; 1;
first; 17;
lie; 1;
vnkle; 4;
borrower; 1;
yeeld; 1;
powerfully; 1;
triumph; 1;
suruiuer; 1;
vilde; 5;
appurtenance; 1;
brow; 4;
slow; 2;
starre; 4;
coniuration; 1;
shrowdingsheete; 1;
effects; 3;
seales; 1;
storme; 1;
borrowed; 1;
wilde; 2;
accesse; 1;
amis; 1;
seated; 1;
cyclops; 1;
rashnesse; 1;
wrist; 1;
imagination; 4;
vncurrant; 1;
scratcht; 1;
honesty; 1;
petty; 1;
soultry; 2;
mad; 21;
steele; 3;
debate; 1;
write; 1;
mar; 31;
impartment; 1;
checking; 1;
man; 46;
concernings; 1;
clouds; 3;
adoption; 1;
may; 65;
spirits; 5;
confound; 2;
allies; 1;
detecting; 1;
wearing; 1;
acquittance; 1;
waues; 1;
gaine; 1;
fiends; 1;
imports; 3;
portraiture; 1;
bearers; 1;
sounded; 1;
what; 200;
volume; 1;
leaue; 27;
horatio; 40;
guts; 2;
taint; 1;
darkest; 1;
cuplet; 1;
least; 3;
pawse; 1;
conuey; 1;
abroad; 1;
louingly; 1;
scul; 1;
erruption; 1;
would; 68;
storie; 1;
consequence; 4;
smiling; 3;
rashly; 1;
een; 3;
begins; 2;
burst; 3;
wring; 1;
tearmes; 2;
conioynd; 1;
idoll; 1;
doing; 1;
tenures; 1;
dread; 5;
wouldest; 2;
straight; 3;
onely; 5;
remember; 12;
mee; 10;
compounded; 1;
warlike; 4;
brooch; 1;
funerall; 3;
impious; 1;
grosse; 2;
diuel; 2;
thinket; 1;
sister; 7;
thinkes; 5;
met; 1;
aduantage; 1;
mew; 1;
prouerbe; 1;
mes; 3;
breakes; 1;
lofty; 1;
vtterance; 1;
browes; 1;
trip; 1;
men; 8;
armours; 1;
treacherous; 2;
decayer; 1;
beckens; 1;
leaps; 1;
makes; 16;
maker; 1;
hardy; 1;
scornes; 1;
malicho; 1;
sterrill; 1;
meeting; 2;
reuerted; 1;
antiquity; 1;
dye; 5;
noyance; 1;
determine; 1;
rights; 1;
aeneas; 1;
portall; 1;
gent; 2;
widdow; 1;
abusd; 1;
abuse; 1;
coagulate; 1;
burnt; 1;
whit; 1;
pleasant; 1;
shrowd; 1;
auouch; 1;
thoughts; 17;
animals; 1;
letcherous; 1;
ladies; 4;
forcing; 1;
crocodile; 1;
battlements; 1;
heartily; 3;
fortin; 1;
truster; 1;
equiuocation; 1;
adams; 1;
feete; 1;
olde; 2;
indentures; 1;
horsebacke; 1;
ifaith; 2;
thinking; 3;
felicitie; 1;
fortie; 1;
fashion; 8;
yonger; 1;
auoyd; 2;
crafty; 1;
ministring; 1;
pernicious; 1;
quarrell; 1;
spills; 1;
boudge; 1;
flights; 1;
colaterall; 1;
muddymetled; 1;
deuice; 1;
pompe; 1;
withdraw; 3;
liege; 3;
vnshaped; 1;
boyes; 1;
ioue; 2;
true; 21;
harshly; 1;
homage; 1;
reword; 1;
marriage; 6;
mourning; 1;
lye; 8;
orecrowes; 1;
vnwatchd; 1;
helpfull; 1;
beguile; 2;
clemencie; 1;
pursuest; 1;
players; 19;
whiles; 1;
insert; 1;
cutpurse; 1;
selfe; 67;
hourely; 1;
entreatments; 1;
last; 13;
sometimes; 5;
heartake; 1;
being; 11;
respects; 1;
resembles; 1;
tetter; 1;
iudgements; 2;
actiuely; 1;
giuen; 10;
directions; 1;
cliffe; 1;
phrase; 9;
when; 51;
adownea; 1;
faulconers; 1;
lash; 1;
grounds; 1;
aduancement; 2;
giued; 1;
hamlets; 7;
synod; 1;
flaw; 1;
giuing; 3;
flat; 3;
deuotions; 1;
spilt; 1;
pious; 2;
liquid; 1;
thither; 2;
permanent; 1;
liues; 3;
gulfe; 1;
late; 10;
attendants; 2;
limed; 1;
liue; 14;
lawyer; 1;
liued; 3;
inobled; 3;
brooke; 2;
truant; 2;
sleeping; 4;
beauty; 3;
counant; 1;
comutuall; 1;
throwing; 1;
father; 50;
withdrew; 1;
extent; 1;
betimes; 1;
hush; 1;
customary; 1;
maiestie; 7;
importing; 2;
iibes; 1;
besides; 1;
adue; 5;
seemes; 8;
watcht; 1;
gets; 1;
guil; 10;
pagan; 1;
whet; 1;
giues; 7;
list; 6;
burne; 2;
grinding; 1;
cleerely; 1;
suites; 2;
reuengd; 3;
reuenge; 11;
two; 21;
aduenturous; 1;
hurt; 2;
tributary; 1;
courtesie; 1;
impart; 4;
dismall; 2;
appetite; 1;
senselesse; 2;
dot; 2;
dos; 5;
strange; 9;
assistant; 2;
nature; 24;
booke; 3;
frowningly; 1;
composd; 1;
bias; 1;
remedie; 1;
pyrrhus; 10;
ragges; 1;
contend; 1;
going; 2;
villaines; 1;
cell; 1;
vnsifted; 1;
compost; 1;
stopping; 1;
quietus; 1;
content; 3;
passages; 1;
importunate; 1;
twentieth; 1;
forestall; 1;
liust; 1;
corruption; 2;
chorus; 1;
busie; 1;
strawes; 1;
try; 5;
rebels; 1;
assurance; 2;
iustice; 1;
vnmaske; 1;
assumes; 1;
simple; 1;
collection; 2;
corporall; 1;
spring; 3;
leade; 1;
entrance; 1;
weake; 2;
quantitie; 3;
tardy; 1;
leads; 1;
numbers; 1;
clouts; 1;
answerest; 1;
partiall; 1;
reply; 2;
rises; 2;
othat; 1;
stoopes; 1;
yesternight; 1;
iouerneymen; 1;
vbique; 1;
despight; 1;
slay; 1;
cannot; 27;
suppresse; 2;
iudicious; 1;
laid; 2;
doe; 50;
morne; 2;
respect; 1;
glares; 1;
dard; 1;
nutshell; 1;
bray; 1;
confind; 1;
floud; 1;
matrons; 1;
happily; 2;
harsh; 2;
confine; 2;
smeard; 1;
student; 1;
needes; 1;
orehanging; 1;
dare; 3;
follow; 20;
ioyne; 2;
perchance; 5;
shipwright; 2;
holla; 1;
sulphurous; 1;
iephta; 3;
gonzagos; 1;
precepts; 2;
weigh; 1;
ioynt; 1;
mouthd; 1;
frame; 4;
attent; 1;
due; 1;
dosen; 1;
liquor; 2;
columbines; 1;
toe; 2;
spred; 2;
weight; 1;
mousetrap; 1;
catch; 2;
land; 5;
bookes; 1;
repaire; 2;
destroy; 2;
rapsidie; 1;
weighd; 2;
rocke; 1;
tot; 1;
toy; 2;
capeable; 2;
primrose; 1;
blessing; 5;
dispatch; 2;
roasted; 1;
too; 53;
globe; 1;
top; 8;
fellowship; 2;
kibe; 1;
dry; 2;
swallowed; 1;
liest; 2;
illusion; 1;
shold; 1;
leanes; 1;
cherube; 1;
instantly; 1;
months; 1;
holie; 1;
witnesse; 1;
germaine; 1;
shift; 1;
gidge; 1;
sergeant; 1;
dane; 6;
til; 1;
strewd; 1;
altitude; 1;
shake; 3;
remisse; 1;
satyricall; 1;
tis; 69;
center; 1;
thy; 90;
behold; 1;
propose; 2;
thinkst; 1;
reserue; 1;
euerlasting; 1;
grapple; 2;
witherd; 1;
duller; 1;
comming; 4;
aboord; 3;
rewards; 2;
did; 60;
withers; 1;
without; 13;
quietly; 1;
exit; 18;
ambitious; 3;
shall; 107;
tempt; 3;
satyre; 1;
shalt; 5;
vacancie; 1;
stomacke; 1;
pratlings; 1;
cabin; 1;
shame; 7;
might; 30;
amazd; 1;
rauen; 1;
asleepe; 2;
southerly; 1;
gorge; 1;
dew; 3;
impotent; 1;
pastorall; 1;
king; 171;
inheritor; 1;
horridly; 2;
stythe; 1;
dwelling; 1;
profoundest; 1;
othis; 1;
smels; 1;
command; 10;
smelt; 1;
raues; 1;
readie; 2;
deuisd; 1;
possesse; 1;
leane; 1;
awake; 2;
pronounce; 1;
pronouncd; 2;
auoid; 1;
hecuba; 4;
spirit; 14;
hellish; 1;
tristfull; 1;
amaze; 1;
kild; 2;
ten; 3;
amen; 1;
remorse; 1;
kill; 4;
charity; 1;
weepes; 1;
trifling; 1;
wombe; 1;
sawes; 1;
cannon; 4;
woman; 7;
leaues; 3;
power; 8;
remembrance; 3;
hauiour; 1;
parley; 1;
transforme; 1;
deuill; 1;
shirt; 1;
entreatie; 1;
obedience; 2;
flattering; 1;
shape; 6;
tread; 1;
breaths; 1;
iocond; 1;
ioyes; 2;
perhaps; 5;
other; 27;
claimes; 1;
prompted; 1;
mornings; 1;
share; 1;
wouldst; 4;
vnholy; 1;
laer; 60;
vnkennell; 1;
order; 3;
iohn; 1;
weazell; 2;
die; 2;
enemy; 2;
boord; 1;
murther; 10;
origin; 1;
the; 992;
monsters; 1;
ending; 1;
feates; 1;
hedge; 1;
fortunes; 6;
exeunt; 23;
contriuing; 1;
lads; 1;
danish; 6;
forgery; 1;
lady; 10;
daughters; 1;
