und;884
die;609
ich;596
der;561
zu;475
ist;470
so;439
es;430
hamlet;418
in;414
nicht;384
ihr;369
das;348
da;336
er;333
sie;323
ein;312
von;304
was;266
euch;265
den;265
auf;257
mit;248
wie;211
herr;195
eine;188
sich;187
wenn;187
als;180
wir;177
könig;173
mir;159
dem;155
du;144
horatio;131
mich;129
aber;126
für;125
gnädiger;122
einen;122
polonius;121
mein;119
an;119
will;118
meine;114
königin;114
hat;108
des;108
ihm;105
haben;104
ihn;103
uns;103
diese;103
seyn;102
laertes;102
um;98
noch;95
sind;94
kan;90
oder;89
aus;86
werden;80
ophelia;79
o;78
selbst;78
seine;78
nun;76
einem;76
denn;74
ab;73
nichts;73
bey;72
einer;72
nur;71
gehen;70
eure;69
dieser;69
kommt;69
rosenkranz;69
wird;68
hier;67
doch;66
habe;66
durch;65
dich;64
geht;63
soll;62
war;62
im;60
vater;60
machen;60
ja;59
güldenstern;59
nach;59
scene;56
man;56
sagen;56
wollen;55
liebe;55
vor;53
eines;52
auch;51
todtengräber;51
gegen;50
wo;49
bin;49
diesem;48
dann;48
geist;48
meiner;48
mehr;47
dieses;46
alle;46
sein;46
seyd;45
über;45
bis;45
that;44
seiner;44
ihre;44
würde;43
nacht;43
seinen;43
marcellus;43
himmel;42
lassen;42
zum;41
euer;41
welche;41
keine;41
zur;40
mu;40
thun;40
meinen;40
mutter;39
habt;39
unsre;39
leben;39
wieder;39
macht;39
zeit;38
sagt;38
alles;38
augen;38
wohl;37
nein;37
dir;37
lat;37
diesen;36
eben;36
ob;35
immer;35
ohne;35
sey;35
bitte;35
sehr;35
wer;34
viel;34
welt;34
deine;33
geben;33
warum;32
mann;32
seele;32
seht;32
ihren;31
gut;31
seinem;31
einmal;31
reden;31
gott;30
treten;29
gnädigster;29
gar;29
sehen;29
also;29
tritt;28
wol;28
kommen;28
gleich;28
bernardo;28
wollt;28
worden;27
anders;27
wäre;27
euern;27
zurük;27
dessen;26
unter;26
guten;26
tod;26
rede;26
sohn;25
izt;25
dein;25
wei;25
sollen;25
hand;25
hast;25
damit;24
etwas;24
ihnen;24
meines;24
schon;24
hätte;24
eurer;23
gute;23
davon;23
herz;23
andre;22
unsern;22
seines;22
gesehen;21
andern;21
werde;21
tag;21
fortinbras;21
hinter;21
kein;21
gemacht;21
dännemark;21
meinem;21
unsrer;21
beyde;20
freunde;20
england;20
prinz;20
unser;20
können;20
willen;20
lange;19
genug;19
vaters;19
recht;19
allen;19
könnte;19
schauspieler;19
ursache;18
la;18
sollte;18
ehre;18
vielleicht;18
wenig;18
einander;18
euerm;18
weit;18
weil;18
herren;18
müssen;17
ihrer;17
wurde;17
erde;17
gedanken;17
könnt;17
kopf;17
geh;17
bist;17
natur;17
beym;17
hört;17
mag;17
dazu;16
weg;16
rache;16
hören;16
grab;16
gewesen;16
worte;16
allein;16
gestalt;16
reinoldo;16
oft;16
nehmen;16
hamlets;16
gewalt;15
hatte;15
zwischen;15
theil;15
eh;15
königs;15
kunst;15
vom;15
giebt;15
guter;15
ganzen;15
willkommen;15
eignen;15
leute;15
gekommen;15
irgend;15
majestät;15
art;15
sache;15
frau;15
tochter;15
deiner;15
ganze;14
tugend;14
wollte;14
keinen;14
blut;14
alten;14
stük;14
acht;14
todt;14
wissen;14
worinn;14
sondern;13
hieher;13
gethan;13
sollt;13
prinzen;13
wort;13
boden;13
thut;13
solchen;13
sezen;13
denke;13
gehört;13
vernunft;13
wache;13
solche;13
steht;12
hab;12
erste;12
ists;12
gertrude;12
wovon;12
welches;12
arme;12
luft;12
gesicht;12
freund;12
antwort;12
müt;12
sah;12
desto;12
leidenschaft;12
möchte;12
befehl;12
euers;12
jungen;12
ende;12
comödianten;12
jugend;12
liegt;12
herzen;11
ihres;11
ihrem;11
halten;11
francisco;11
schwört;11
länger;11
dort;11
zween;11
gift;11
ed;11
norwegen;11
stelle;11
sonst;11
gutes;11
denken;11
toll;11
folgen;11
verwandelt;11
sezt;11
thränen;11
ganz;11
bleiben;11
gewissen;11
bald;11
willt;11
hölle;10
pflicht;10
menschen;10
her;10
herzogin;10
lieber;10
am;10
ins;10
bruder;10
komm;10
mensch;10
weh;10
finden;10
schwerdt;10
hände;10
jeder;10
einige;10
fechten;10
lang;10
morgen;10
sag;10
übel;10
hätten;10
niemals;10
nennen;10
nemlichen;10
deinen;10
pyrrhus;10
gebt;10
ersten;9
WAHR;9
gefallen;9
augenblik;9
schönen;9
kam;9
orik;9
becher;9
jemals;9
hin;9
übrig;9
oheim;9
geduld;9
darauf;9
findet;9
bette;9
ziehen;9
unserm;9
hofe;9
ohren;9
sogleich;9
gesezt;9
schedel;9
darf;9
zufall;9
erhalten;9
herzog;9
deren;9
gehabt;9
stehen;9
lät;9
halte;9
darinn;9
hize;9
sagte;9
scheint;9
bringen;9
ohr;9
grossen;9
werdet;9
gewi;9
leichnam;9
wahrheit;8
briefe;8
mädchen;8
grund;8
zimmer;8
dafür;8
haupt;8
he;8
betrift;8
kleine;8
trinken;8
himmels;8
könige;8
gelegenheit;8
verstand;8
besser;8
viele;8
schmerz;8
auge;8
zunge;8
feuer;8
bedeuten;8
freude;8
danke;8
weniger;8
lebet;8
liebster;8
umstände;8
spielen;8
ruft;8
schöne;8
ruhe;8
schwester;8
plaz;8
glük;8
inhalt;8
hauptmann;8
fragen;8
glaubt;8
wasser;8
könnten;8
voltimand;8
glauben;8
vergebung;8
gnaden;8
zulezt;8
stunde;8
gern;8
teufel;8
dinge;7
haltet;7
getragen;7
bitten;7
musik;7
vermuthlich;7
gedanke;7
ziemlich;7
weder;7
gro;7
jemand;7
kanst;7
ha;7
eu;7
weiter;7
werth;7
gieb;7
ho;7
freundschaft;7
leicht;7
magst;7
gesagt;7
allemal;7
schikt;7
bursche;7
lebt;7
lebe;7
alter;7
versichert;7
gieng;7
verrätherey;7
wirst;7
schien;7
unsers;7
giebts;7
sonne;7
dank;7
meynung;7
gegeben;7
junge;7
schnell;7
konnte;7
sprechen;7
hinein;7
darüber;7
zwar;7
hierinn;7
wind;7
kurz;7
seyen;7
nennt;7
himmlischen;7
furcht;7
dabey;7
verlohren;7
geschäfte;7
vorigen;7
nieder;7
freyheit;7
tragen;7
denkt;7
mögen;7
pohlen;7
hielt;7
nie;7
endlich;7
weib;7
ort;7
todten;7
höre;7
stärke;7
lie;7
ehrlicher;7
mache;7
grosse;7
deinem;7
entsezlich;6
manche;6
vorher;6
geschehen;6
herzens;6
thaten;6
erst;6
neues;6
erlaubni;6
tollheit;6
sobald;6
nöthig;6
nemliche;6
dadurch;6
zieht;6
liebte;6
fy;6
sage;6
wurm;6
wuth;6
bleibt;6
vermögen;6
palast;6
langen;6
gefolge;6
stimme;6
königliche;6
daran;6
feind;6
raserey;6
wiz;6
fleisch;6
hahn;6
möglich;6
fähig;6
aufs;6
besten;6
gebrauch;6
kleinen;6
liegen;6
waffen;6
treiben;6
ausführung;6
lauf;6
schauspiel;6
thu;6
zweyte;6
hält;6
ding;6
erscheinung;6
sachen;6
vergessen;6
sprache;6
lebens;6
schuld;6
schweigen;6
engel;6
wahre;6
übrigen;6
herrn;6
geschenke;6
stüke;6
wünsche;6
klugheit;6
ach;6
fort;6
begriff;6
geschikt;6
schwer;6
fertig;6
womit;6
däucht;6
andenken;6
denen;6
bösewicht;6
mirs;6
sucht;6
todes;6
frey;6
zusammen;6
gefällt;6
umständen;6
glüklich;6
dahin;6
allem;6
bart;6
namen;6
zeigt;6
adieu;6
rappier;6
seit;6
weise;6
entgegen;6
einbildung;6
gnädigste;6
sollten;6
frage;6
antworten;5
nachricht;5
möchtet;5
absichten;5
mund;5
singend;5
blossen;5
drey;5
mörder;5
hoffen;5
worten;5
materie;5
gerne;5
aufzug;5
habet;5
einzigen;5
begegnet;5
voll;5
comödie;5
steh;5
hause;5
rappiere;5
götter;5
keiner;5
höchst;5
schreiben;5
fu;5
leiden;5
könne;5
sterben;5
je;5
hofbedienter;5
leiche;5
kennt;5
kenne;5
leichter;5
daraus;5
degen;5
terrasse;5
ähnlich;5
krone;5
schurke;5
staub;5
welcher;5
welchem;5
elsinoor;5
gewohnheit;5
gefahr;5
redensart;5
gab;5
pflegen;5
närrisch;5
stille;5
schönheit;5
komme;5
wozu;5
geheimni;5
trompeten;5
gleichen;5
folgt;5
sinnen;5
bedeutet;5
geschmak;5
gebet;5
stärker;5
cabinet;5
wurden;5
vierte;5
allgemeine;5
frankreich;5
besuch;5
streit;5
narren;5
abgesandten;5
gemahl;5
sicherheit;5
dritte;5
indessen;5
heit;5
weinen;5
tode;5
athem;5
matrosen;5
segen;5
leuten;5
liebste;5
seltsame;5
lieb;5
armen;5
verbrechen;5
hatten;5
zwey;5
winkt;5
blieb;5
zuneigung;5
fräulein;5
absicht;5
vergiftet;5
bringt;5
sieht;5
mond;5
leid;5
reise;5
reisen;5
niemand;5
cornelius;5
sechste;5
gnädige;5
wahren;5
seltsam;5
bekommen;5
stirbt;5
wenigstens;5
schwermuth;5
fünfte;5
schwüre;5
anblik;5
blumen;5
licht;5
aller;5
fallen;5
indem;5
sünden;5
natürlichen;5
fall;5
besorge;5
blutigen;5
tage;5
bewegung;5
urtheil;5
traurigkeit;5
gesprochen;5
heraus;5
vorsaz;5
sehe;5
person;5
gefühl;5
ursach;5
ehrlichen;5
hinweg;5
gerade;5
wolle;5
weile;5
schreken;5
einst;5
gedächtni;5
gemüth;5
jahre;5
verlassen;5
eigne;4
gesunde;4
scheinen;4
damen;4
starken;4
schlägt;4
tafel;4
einiger;4
dachte;4
schläft;4
gebrauchen;4
dähnen;4
mute;4
glaub;4
geister;4
wahl;4
fern;4
verdammter;4
wette;4
stern;4
bruders;4
erzählen;4
geburt;4
begraben;4
bote;4
singen;4
blutige;4
ducaten;4
neffe;4
hernach;4
verwundet;4
beobachtet;4
ichs;4
verliehren;4
behalten;4
gewisse;4
di;4
schwarze;4
bedienten;4
betrachtung;4
traum;4
bleich;4
genommen;4
wittenberg;4
waren;4
wesen;4
essen;4
andere;4
farbe;4
weisen;4
hinab;4
lezte;4
wohin;4
action;4
erstaunen;4
nehmt;4
herauslassen;4
legen;4
vorhaben;4
fehler;4
ceremonien;4
königlichen;4
wit;4
schwören;4
höchsten;4
bereits;4
lust;4
fiel;4
helden;4
nimmt;4
gehorsam;4
zweifle;4
zweymal;4
dewegen;4
schiksal;4
folge;4
getöse;4
alexander;4
edler;4
geschlagen;4
trägt;4
deutlich;4
ausserordentlich;4
freunden;4
einzige;4
ganzes;4
edelmann;4
erzählung;4
mittel;4
verstehen;4
verlohr;4
unverzüglich;4
willst;4
seufzer;4
handlungen;4
dirs;4
finger;4
kinder;4
vollkommen;4
folget;4
freyen;4
kleider;4
hoffnung;4
madame;4
vier;4
gelegt;4
eins;4
see;4
füssen;4
sto;4
eignes;4
brief;4
probe;4
verfallen;4
lauter;4
andermal;4
siebende;4
blo;4
heissen;4
sieh;4
hinaus;4
gegenstand;4
schatten;4
freundlich;4
herum;4
näher;4
wäret;4
wären;4
gang;4
befindet;4
fühle;4
legt;4
pflegt;4
gefährlich;4
mannes;4
stüks;4
lerm;4
verderben;4
fangen;4
würden;4
personen;4
würdet;4
stehts;4
leset;4
wahnwiz;4
schön;4
grunde;4
ausser;4
geschiklichkeit;4
redet;4
gehalten;4
körper;4
gefunden;4
ruhig;4
machte;4
unglüklicher;4
betrachtungen;4
thüre;4
sichs;4
schuldigkeit;4
streich;4
junger;4
zweyten;4
dingen;4
erkennen;4
zeigen;4
mühe;4
seite;4
bereit;4
wein;4
herab;4
ermordung;4
werk;4
wünschen;4
grösse;4
historie;4
erfahren;4
geheim;4
gesellschaft;4
grenzen;4
ihrs;4
könnet;4
beyden;4
derjenige;4
garten;4
gehe;4
blosse;4
hierüber;4
verschaffen;4
liebt;4
achte;4
ertränkt;4
davor;4
verdient;4
holla;4
damaligen;4
dergleichen;4
rothen;4
meyne;4
profession;3
solltest;3
nonnenkloster;3
erfahrung;3
gerathen;3
umsonst;3
hundert;3
erster;3
bettler;3
esel;3
stekenpferd;3
hercules;3
must;3
muth;3
fluch;3
autor;3
schnee;3
gewahr;3
dran;3
ehrlich;3
fingern;3
möcht;3
geduldig;3
ansto;3
zustande;3
vergiftete;3
ermorden;3
stekt;3
edle;3
wär;3
wessen;3
verborgen;3
nimm;3
salve;3
gebehrdet;3
fein;3
nirgends;3
anfang;3
gesez;3
strohhalm;3
vergehen;3
lucianus;3
tagen;3
thau;3
lasset;3
ursachen;3
zwo;3
sturm;3
anla;3
befunden;3
gewöhnliche;3
lehren;3
demjenigen;3
zustand;3
begegnen;3
nahrung;3
burschen;3
sorge;3
volk;3
nunmehr;3
gelegenheiten;3
warten;3
entdeken;3
gonzago;3
vielmehr;3
gru;3
führen;3
enthalten;3
strom;3
geschüz;3
herein;3
erinnre;3
würklich;3
englischen;3
gurgel;3
gesang;3
hügel;3
sterne;3
gemahlin;3
loken;3
stuhnd;3
denk;3
trank;3
dähne;3
einbilden;3
dänischen;3
zweifeln;3
lachen;3
schändliche;3
nächste;3
ohnehin;3
gänzlich;3
trauer;3
tausend;3
bevor;3
crone;3
heimliche;3
majestäten;3
spielt;3
mach;3
sclave;3
dürfen;3
geheime;3
maus;3
ersucht;3
blik;3
fabel;3
bösen;3
werkzeug;3
werft;3
mädchens;3
ruffen;3
drein;3
werke;3
ewig;3
ungeachtet;3
gegraben;3
inde;3
stummen;3
statt;3
draussen;3
fährt;3
wem;3
schiffe;3
gen;3
billig;3
verstattet;3
lächeln;3
kniee;3
zufrieden;3
staat;3
binnen;3
werther;3
übung;3
böse;3
beynahe;3
entdekung;3
zittert;3
gewachsen;3
verräthrische;3
meinigen;3
jedes;3
jeden;3
freundschaftlichen;3
dreymal;3
scharfen;3
rüstung;3
galle;3
bewaffnet;3
aufhalten;3
eurige;3
unwesentliches;3
hülfe;3
allezeit;3
monate;3
genau;3
hörte;3
ehrgeiz;3
galgen;3
vorsäze;3
versuchen;3
pferd;3
schlaf;3
ermordeten;3
edles;3
kraft;3
angestellt;3
fünf;3
jedermann;3
kalt;3
wettkampf;3
gegangen;3
laut;3
gutem;3
beleidigung;3
treue;3
lichter;3
schwarz;3
humor;3
nachrichten;3
neigung;3
schwamm;3
land;3
ton;3
instruction;3
ernst;3
mitten;3
hecuba;3
natürlich;3
anzahl;3
ertrunken;3
religion;3
fangt;3
element;3
gemein;3
spricht;3
darein;3
disponiert;3
hübsche;3
zeugni;3
reich;3
armer;3
schönste;3
gerichtet;3
manchmal;3
verbrecher;3
angenehm;3
sicher;3
sir;3
aufgelöst;3
erwartung;3
geschikten;3
seh;3
verräth;3
spa;3
sachte;3
gespenst;3
perle;3
sorgen;3
stekte;3
vermummte;3
solcher;3
falle;3
kerker;3
gemüths;3
jephta;3
künftig;3
anstalten;3
bezahlen;3
henker;3
gelten;3
kerl;3
gottes;3
beleidigen;3
vergiften;3
kräfte;3
gebohren;3
oben;3
nächte;3
tugendhaft;3
priester;3
erinnerungen;3
beladen;3
erklärungen;3
nahe;3
zugleich;3
leib;3
stirne;3
wofern;3
wolltet;3
kalten;3
schaden;3
ans;3
schönsten;3
führt;3
sehet;3
mord;3
neffen;3
hart;3
ehmals;3
vorredner;3
halb;3
tapeten;3
comödiant;3
verse;3
nation;3
ansehen;3
halt;3
hals;3
arm;3
rächen;3
monat;3
trinkt;3
haut;3
haus;3
glaube;3
einwilligung;3
verführen;3
verdienst;3
nah;3
keusche;3
träumen;3
ungefehr;3
unternehmen;3
lüge;3
darum;3
gegessen;3
müte;3
vieler;3
vielen;3
neunte;3
gegner;3
leichen;3
züge;3
etwann;3
knopf;3
sünde;3
rolle;3
wirkung;3
mine;3
schwachheit;3
sahen;3
kunstgriff;3
behüt;3
arbeit;3
gehandelt;3
junges;3
diejenigen;3
könntet;3
spiegel;3
beyfall;3
bube;3
bildet;3
flammen;3
jener;3
vermag;3
wegen;3
vorbey;3
schlimmste;3
betragen;3
kirche;3
werd;3
besorgt;3
wisset;3
unglük;3
unwillig;3
ersticht;3
dienst;3
fast;3
beschwören;3
holen;3
pöbel;3
schuldig;3
alte;3
besondern;3
commission;3
thäter;3
bricht;3
mästen;3
liedchen;3
kennen;3
geliebt;3
unterm;3
richter;3
troz;3
gemeinen;3
empfangen;3
spize;3
schlagen;3
meisten;3
theuren;3
geld;3
länder;3
hör;3
ergel;3
zuvor;3
verdienen;3
königreich;3
busen;3
beliebig;3
gegenwärtigen;3
kind;3
verlangen;3
saget;3
träume;3
unkraut;3
machtet;3
französischen;2
irdischen;2
helft;2
herzogs;2
zuschauer;2
hernshaw;2
ausfindig;2
getroffen;2
a;2
i;2
gestorben;2
entsezliche;2
wählen;2
erfüllen;2
innerlichem;2
verstehe;2
theure;2
nachtheilig;2
zeitig;2
einiges;2
rathen;2
gebieter;2
müsset;2
erkundigen;2
ertheilen;2
begehrt;2
zwanzigtausend;2
schlaffen;2
straffe;2
derselben;2
hangen;2
raths;2
gefällige;2
prei;2
unvergleichlichen;2
meze;2
dauren;2
angelangt;2
ausgang;2
zärtlich;2
flöte;2
feuriger;2
händel;2
sterbe;2
brachte;2
ophelien;2
gerührt;2
begriffen;2
leidet;2
spate;2
versagt;2
unwissenheit;2
geschöpf;2
gebaut;2
hielten;2
izo;2
verspricht;2
jene;2
zweykampf;2
fest;2
fett;2
aufgezogen;2
ermordet;2
faltete;2
stehe;2
verstandes;2
klug;2
neuem;2
stande;2
bettes;2
landen;2
landes;2
kostbarste;2
unbeweglich;2
kriegerischen;2
shakespeare;2
edeln;2
verwechseln;2
affect;2
hiemit;2
christliches;2
feder;2
zehnte;2
würken;2
verlust;2
schnöder;2
anthun;2
stumm;2
salbe;2
überzogen;2
accent;2
gebührt;2
eigenschaft;2
vorstellung;2
camel;2
interesse;2
trauerspiel;2
wann;2
claudius;2
besteht;2
erlaubet;2
lezten;2
grössern;2
schändlich;2
vereiniget;2
springen;2
einziger;2
einziges;2
schwachen;2
aufsezen;2
belohnung;2
besorgen;2
verschlossen;2
besorg;2
glüklichen;2
unseliger;2
wizes;2
hüllen;2
dienste;2
geschrey;2
wollet;2
alsdann;2
beobachten;2
wallfisch;2
ausflüchte;2
früh;2
einfälle;2
lande;2
kürze;2
tapete;2
führte;2
plözlichen;2
tribut;2
vortrag;2
hängen;2
unruhig;2
kränzen;2
küte;2
arbeiten;2
beschlossen;2
wartet;2
worein;2
verstorbnen;2
dagegen;2
verstorbner;2
folgender;2
geworfen;2
weibsbild;2
bestehen;2
bewilligung;2
rechten;2
stuzen;2
grausam;2
ehrsüchtigen;2
weltgerichts;2
geschrieben;2
zimmermann;2
bewundernswürdig;2
lügen;2
hauffen;2
aufgebracht;2
mitternacht;2
lord;2
schwere;2
schwerd;2
aufgegeben;2
gesandten;2
paar;2
sagtet;2
begierig;2
richtiger;2
gilt;2
bedienter;2
magen;2
wolken;2
allerdings;2
einbildungskraft;2
traue;2
kriegt;2
schurken;2
kriegs;2
oh;2
gerüste;2
geschwellt;2
ungebändigten;2
bleibe;2
jede;2
kündigt;2
trink;2
dänischer;2
sinne;2
ehrwürdigen;2
hof;2
gehirn;2
möge;2
aufgeräumt;2
gestoppt;2
sa;2
entdekt;2
unnatürlich;2
bauer;2
besuchen;2
himmelo;2
hut;2
durchzug;2
wunder;2
trauen;2
kampf;2
hervor;2
gebrochen;2
anstössiges;2
loch;2
cäsar;2
schreknissen;2
korb;2
empfieng;2
morgens;2
gebracht;2
begreiffe;2
dreissig;2
memme;2
anlage;2
geschwindigkeit;2
versammlung;2
zweifel;2
vollbringen;2
christoph;2
zwanzig;2
ergiesse;2
zurükkehren;2
nothwendig;2
kömmt;2
beutel;2
gegend;2
gewaltsame;2
fischhändler;2
schlimme;2
trummeln;2
herausbringen;2
aufrichtig;2
verschiedene;2
nehme;2
ehrenzeichen;2
vergebet;2
maul;2
matt;2
ersuche;2
jahr;2
hüte;2
rechenschaft;2
schande;2
stimmt;2
ballspiel;2
alberner;2
zahm;2
hinzu;2
ers;2
sitten;2
pfeiffe;2
starb;2
stark;2
angesicht;2
gesteh;2
dürft;2
entfernt;2
geendigt;2
beraubt;2
heyrathen;2
ehe;2
versteken;2
sprecht;2
eis;2
eid;2
augbraunen;2
vormals;2
erweisen;2
wakrer;2
entfernung;2
liebenswürdig;2
wunde;2
überaus;2
wen;2
verläumdung;2
audienz;2
ersäuffen;2
schweren;2
kürzlich;2
legte;2
stand;2
normann;2
verschiedne;2
vollendet;2
allgemeinen;2
hoffe;2
kniet;2
nenn;2
geblieben;2
dolche;2
stadt;2
aufsuchen;2
auslöschen;2
quelle;2
plözliche;2
entsezen;2
röthe;2
neun;2
zuerst;2
rosen;2
stellt;2
säumen;2
beweisen;2
grams;2
beweiset;2
aussieht;2
damals;2
prologus;2
krankheit;2
bezeugen;2
behaftet;2
woll;2
beten;2
flamme;2
eher;2
wirft;2
demüthigst;2
giebst;2
dritten;2
brust;2
gleicht;2
schiff;2
fortuna;2
unnatürliche;2
beste;2
betrogen;2
vorsicht;2
kaum;2
stellung;2
eilfertig;2
schlimm;2
laster;2
wurmsaamen;2
feinde;2
bedeutung;2
gottlose;2
verbrechens;2
herzlich;2
hole;2
raute;2
riecht;2
sichrer;2
konntet;2
blutes;2
hörst;2
gewinnt;2
hunde;2
entfernen;2
seelen;2
amsel;2
seltsamen;2
annehmen;2
anreden;2
entsezlichen;2
annahm;2
ausgesezt;2
herunter;2
nerven;2
schmeicheleyen;2
brütend;2
stiessen;2
angeworbnen;2
unschuld;2
wirklich;2
ums;2
soldaten;2
tief;2
auftrag;2
denjenigen;2
adam;2
flöten;2
bietet;2
galerie;2
zählen;2
sterblich;2
veranlat;2
vollem;2
vollen;2
voller;2
vergnügen;2
leihet;2
angesehen;2
unten;2
tollem;2
verbergen;2
übels;2
händeln;2
eigenes;2
glükseligkeit;2
länge;2
laim;2
werkes;2
ärgsten;2
balladen;2
helfen;2
handsäge;2
betrübni;2
streiche;2
wahrhaftig;2
höfling;2
tiefe;2
fortunens;2
gespielt;2
unglüks;2
vertrauen;2
strenge;2
verlöschen;2
abgelebten;2
schauplaz;2
rauhe;2
muthmassungen;2
denket;2
übelthaten;2
sanct;2
werfen;2
heer;2
liebtet;2
blutschändrischer;2
vergi;2
grad;2
seufzen;2
zeilen;2
andrer;2
gesichter;2
rad;2
zeichen;2
zwingt;2
befehlen;2
zischen;2
rom;2
aufführen;2
lebst;2
erhizt;2
hievon;2
ermangeln;2
heute;2
tönen;2
ausrauffen;2
handeln;2
liet;2
ruh;2
aufmerksamkeit;2
nimmermehr;2
schlimmer;2
wenigen;2
rechte;2
thüren;2
grabschrift;2
vätern;2
horch;2
ausholen;2
sprach;2
muthes;2
zurükgekommen;2
zeugen;2
aufschub;2
woran;2
thürme;2
laune;2
speichen;2
scharfe;2
sogar;2
angefangen;2
inzwischen;2
staube;2
eile;2
william;2
winde;2
verlangt;2
kehrt;2
ligen;2
glich;2
brüder;2
fällt;2
erschüttern;2
milord;2
anzug;2
anständig;2
erleben;2
geradezu;2
wagen;2
schrift;2
beschaffenheit;2
kräutern;2
rund;2
tiefen;2
selber;2
könneno;2
solches;2
schlange;2
majestätische;2
actus;2
schein;2
üppigkeit;2
eigner;2
unartig;2
geständni;2
stattlicher;2
reit;2
melden;2
brauchen;2
ausgangs;2
männer;2
julius;2
gegenstände;2
überla;2
steken;2
ruhm;2
wiederkunft;2
rest;2
wakern;2
capelle;2
tiefer;2
feyrlichsten;2
fassen;2
unterwegs;2
sieg;2
ausmacht;2
kühlen;2
beleidiget;2
name;2
nase;2
reinold;2
vergifter;2
hinauf;2
überlegen;2
gehorche;2
narr;2
zurükhaltend;2
michs;2
zutritt;2
jungens;2
rollen;2
thür;2
vorstellen;2
wieland;2
aufwarten;2
gefühlloser;2
ungehalten;2
begleiten;2
mibraucht;2
erzählt;2
ungestüm;2
nahm;2
falken;2
sinn;2
befinden;2
zweige;2
hättet;2
merken;2
gemeiniglich;2
schiken;2
wollten;2
gefährten;2
canonen;2
plözlich;2
erstrekt;2
alt;2
angefüllt;2
behüte;2
maurer;2
hurtig;2
führe;2
wachen;2
folgte;2
erschrekt;2
ziel;2
unterscheiden;2
leichteste;2
übelthat;2
schwur;2
kupplerin;2
brechen;2
abgeschmakte;2
grabe;2
drauf;2
zwölfe;2
truppen;2
geists;2
fahren;2
rühren;2
reizerfüllteste;2
adern;2
lesen;2
stellen;2
verschwand;2
seitdem;2
hangt;2
kannte;2
hatt;2
schauen;2
schauspielern;2
übersetzt;2
empfindung;2
schlinge;2
aug;2
dient;2
raum;2
rauh;2
gemeine;2
bekannt;2
falsche;2
allzu;2
gefiel;2
vorfall;2
nam;2
lager;2
aussen;2
empor;2
sapperment;2
schneller;2
roth;2
gehts;2
kosten;2
schreyt;2
weisheit;2
rose;2
zusammengenommen;2
noth;2
zuversichtlich;2
hirn;2
beruffen;2
verrichtungen;2
getümmel;2
rath;2
bekannten;2
höllische;2
ungeheuren;2
entwürfe;2
genugthüung;2
machst;2
springt;2
wünsch;2
mächte;2
erfreut;2
freuden;2
priams;2
bessere;2
aufzureizen;2
gaben;2
unbekannte;2
bestimmt;2
völkern;2
günstig;2
thier;2
verlat;2
donner;2
rheinwein;2
stunden;2
durchaus;2
frit;2
daumen;2
salz;2
entferntern;2
still;2
krähete;2
gezogen;2
gepränge;2
gelernt;2
grosses;2
grosser;2
kurzem;2
scharf;2
derentwillen;2
alters;2
muthwillen;2
unzucht;2
abfall;2
sprüchwort;2
poet;2
stich;2
suche;2
jenes;2
gefechts;2
verhältni;2
keuschheit;2
entgeht;2
nächtliche;2
wehe;2
besorgnisse;2
finsterni;2
gewisser;2
erstaunung;2
jenen;2
daher;2
fahr;2
gestreift;2
erdkreis;2
verzeihen;2
vorgehen;2
stürzen;2
fang;2
gehorchen;2
vorkommt;2
inwendig;2
staats;2
unterschied;2
wichtige;2
schaz;2
hüten;2
scenen;2
marsch;2
wofür;2
geringste;2
band;2
während;2
lag;2
gelehrten;2
anstand;2
trokne;2
wike;2
urtheilen;2
neigungen;2
elenden;2
schoo;2
zuschliessen;2
ausschweiffungen;2
lunge;2
haare;2
äussersten;2
holdes;2
gestatten;2
original;2
aufgeben;2
fürchtet;2
diejenige;2
gemählde;2
zungen;2
fürchten;2
augenbliklich;2
spizfündig;2
tropf;2
treu;2
kriegen;2
maden;2
beydes;2
verändert;2
übermaa;2
abgrund;2
wissentlich;2
diener;2
antworte;2
desselben;2
exempel;2
gloke;2
kleinsten;2
gemüthsart;2
leiten;2
gedenken;2
mal;2
gemahls;2
kupplerische;2
meister;2
nochmals;2
gegenwart;2
vogel;2
feigen;2
deines;2
liede;2
aufwartung;2
gemä;2
fisch;2
trug;2
bisher;2
gesundheit;2
phantasie;2
zeitvertreib;2
trompete;2
aufgeführt;2
pantomime;2
chorknaben;2
list;2
hure;2
buche;2
pauken;2
hochzeit;2
siegel;2
gerochen;2
auszudrüken;2
wortspielen;2
empörung;2
unterredung;2
gebietender;2
launen;2
wille;2
ungeheuer;2
munde;2
schuhen;2
wohlan;2
brennt;2
amen;2
hofnarr;2
martin;2
gebe;2
stumme;2
überlat;2
verwünschungen;1
kappe;1
heftete;1
kichelchen;1
zeig;1
helfe;1
staaten;1
irrenden;1
rannte;1
theater;1
hineinlegen;1
autoren;1
grasblumenkränze;1
heftest;1
zitterte;1
verstekt;1
überwiegen;1
gesünder;1
gerichte;1
beweinen;1
milchweisse;1
otter;1
breiten;1
breitet;1
esse;1
hintersten;1
beweinet;1
diesegleichgültigkeit;1
partey;1
adieugedenke;1
orich;1
magrer;1
flucht;1
geniessen;1
fluche;1
ausbrüche;1
müsse;1
antwortet;1
ehmaligen;1
zeiten;1
befestiget;1
blät;1
rebellische;1
gemenen;1
wirdkommt;1
riesenmässige;1
innerlichen;1
vertrauliche;1
hervorkeimen;1
sehender;1
lermen;1
gerechtfertiget;1
westen;1
zuwider;1
versteht;1
sommerabend;1
seitseiner;1
ehrenpunkts;1
heldendes;1
declamirt;1
möchtenoder;1
heilig;1
peinigende;1
schläge;1
darzustellen;1
würdeja;1
verirrt;1
felder;1
ausgelassen;1
zusammengesezt;1
vergitterung;1
einigen;1
verschwiegen;1
einigem;1
fernern;1
unablässiges;1
verwichne;1
migerathen;1
streitig;1
übelgesinnten;1
richtern;1
verschaffe;1
thuns;1
papier;1
rathet;1
fleissig;1
indien;1
möchten;1
herodes;1
gemüther;1
abweisen;1
ausfüllen;1
seeluft;1
verlät;1
sondiren;1
aufnehmen;1
werdeno;1
händeringens;1
ausfechtensezt;1
abhängt;1
kunstgriffoder;1
bedenklich;1
erkundiget;1
merk;1
gertrudewie;1
jacob;1
ofnen;1
zulät;1
beschönige;1
einträgtfünf;1
fodertdas;1
vorschein;1
bettlers;1
fechthandschuhen;1
raisonnieren;1
erklär;1
kindischem;1
geehrt;1
angelassen;1
druk;1
brandtwein;1
angeln;1
aufgenommen;1
erbrochen;1
instrument;1
purgiermittel;1
thust;1
mehrwie;1
entrathen;1
unterthänigen;1
rasche;1
zufälle;1
küsten;1
erschreken;1
fesseln;1
nagenden;1
verdächtiges;1
ähnlichkeit;1
drinn;1
aufrechtdeiner;1
kutschegute;1
thunso;1
infames;1
schmeichelnder;1
nichtwie;1
darnach;1
milchlebrichten;1
übermocht;1
vermählte;1
marktschreyer;1
strassen;1
hamletberuhigst;1
erlebt;1
glanz;1
uneingedenk;1
verkehrten;1
verkehrtem;1
auserkohren;1
bereden;1
alleino;1
verschwiegenheit;1
deken;1
liebesvollen;1
theuer;1
durchbrechen;1
nimmst;1
melancholie;1
micheine;1
gerieht;1
umgehen;1
gesungen;1
spreiten;1
kriegsmann;1
lustige;1
zwingen;1
ergeben;1
feurigen;1
händen;1
sonn;1
reisender;1
wetterleuchten;1
schranken;1
mausfallein;1
eindrüke;1
memmen;1
vierzig;1
grube;1
ander;1
schwizen;1
gerieth;1
heilige;1
opheliadas;1
sold;1
verzweiflung;1
daurst;1
sammelplaz;1
übermeistert;1
blosses;1
königgegen;1
blosser;1
hälfte;1
undunnatürlichen;1
schwarzen;1
gestreiften;1
verliehrt;1
anzustrengen;1
scherzreden;1
unstreitiges;1
hemde;1
erwegung;1
wanst;1
precieusehofsprache;1
erschienen;1
bezahlt;1
kräften;1
abwerfen;1
sollteer;1
zitternd;1
förmlich;1
gewöhnliches;1
verliehre;1
simpathisiere;1
todbett;1
eigenmächtig;1
vereitelthabe;1
ladung;1
oberkämmerer;1
bedaureneine;1
überwältigt;1
verzeihung;1
geschlachtet;1
aufzuhalten;1
wütrich;1
geschähe;1
königihr;1
vornehmen;1
beydewie;1
niederschreibenda;1
sterbende;1
verdekte;1
kerls;1
hoffte;1
anverwandter;1
zugezogen;1
zeigenaber;1
beissende;1
angedenken;1
schlafend;1
thrones;1
zustands;1
alleinkönnt;1
büssenden;1
stehn;1
unwissend;1
gärtner;1
körpers;1
stein;1
körpern;1
erfordert;1
zukommt;1
erdichteten;1
verhaft;1
neuen;1
thor;1
friede;1
machenich;1
mantel;1
erbrach;1
übergülden;1
taugt;1
unbesonnener;1
todesurtheil;1
anzeigen;1
vermocht;1
wald;1
abgedrungen;1
rükt;1
wegschmelzen;1
marschiert;1
wahrsagerkunst;1
ehrwürdigsten;1
lügst;1
ophelianymphe;1
dringen;1
redete;1
ohrfeigen;1
gesezte;1
sündern;1
grifflöcher;1
unzufriedenheit;1
obrigkeit;1
maschine;1
falschen;1
falscher;1
wagehälse;1
throne;1
wegreit;1
vorsichtig;1
jaucharten;1
wiegenkind;1
anrede;1
befehle;1
redend;1
gröster;1
gemeinschaftlich;1
beystand;1
verfault;1
gebrachten;1
verdammten;1
gebähren;1
bewachenwas;1
flüche;1
kindische;1
verschlingen;1
einfiel;1
gräber;1
auskunft;1
feil;1
gesticulationen;1
gebehrden;1
sterb;1
fopperey;1
unverdorbnen;1
feurige;1
riehte;1
stötdiesen;1
anfall;1
phantastischen;1
kriegerischem;1
kriegerischer;1
trennen;1
edels;1
trennet;1
zuviel;1
sterbenschlafendas;1
veilchen;1
muttero;1
zweideutige;1
jungfräulichen;1
hofleute;1
verdächtige;1
kommenich;1
schlug;1
erden;1
anhatte;1
einsperren;1
shakespears;1
persönlich;1
schwärzesten;1
bordaugenbliklich;1
aufreissen;1
sehenwir;1
etlichen;1
hochzeitlicher;1
passen;1
küssen;1
betrübt;1
bereuet;1
hauffens;1
untersucht;1
geliebteste;1
bord;1
mondsüchtigen;1
straffen;1
schlingen;1
erbe;1
wurst;1
schiffleute;1
orte;1
rechenpfenninge;1
kothigen;1
könnenhamlet;1
todesstille;1
verfiel;1
antreffet;1
raset;1
wunderzeichen;1
abbildungen;1
unthätig;1
angewachsen;1
unvermögend;1
besonderes;1
gesellen;1
anschiken;1
eingesperrt;1
öffentlich;1
mächtigste;1
andeutungen;1
vertrautenauf;1
gewohnheitsmässigen;1
haushalten;1
gebührendem;1
schnöden;1
diensten;1
verschweigen;1
klar;1
kriegsrecht;1
tages;1
zug;1
einsamkeit;1
gesegelt;1
hiengen;1
plumpen;1
entgehen;1
gesezes;1
übergehen;1
gebietermeine;1
fünfzig;1
berüchtigten;1
gesezen;1
unverlezte;1
schaubühne;1
herabsinken;1
ausübung;1
entledigen;1
königinein;1
stoppt;1
versäumtwie;1
unvermischt;1
styl;1
nachrede;1
anfangs;1
offendendo;1
einzelnen;1
herauskommt;1
bekümmern;1
gänse;1
natürliche;1
düster;1
weitausgebreiteten;1
nesseln;1
verschwenderisch;1
königen;1
banger;1
schönes;1
früchte;1
schöner;1
eingeführten;1
aufmerksames;1
erkannte;1
aufdünstet;1
sollkommt;1
sparenmein;1
abgetragen;1
frageob;1
beichtet;1
urkunden;1
gleichheit;1
vorzuhalten;1
edel;1
gebehrde;1
beschweren;1
seztest;1
umhersteht;1
wegfrit;1
nebst;1
hates;1
aufnimmt;1
niederträchtigkeit;1
gesinnt;1
zorn;1
anfällen;1
fäulende;1
vollwichtig;1
grösserm;1
sicherheitund;1
zierde;1
herausfoderte;1
stamme;1
kniebänder;1
auftritte;1
empfange;1
unsrigen;1
furchtsam;1
zote;1
obermacht;1
wars;1
schlafe;1
beschämen;1
pflegten;1
herausgehen;1
sparsamer;1
reimen;1
schlage;1
beurtheilungskraft;1
briefchen;1
treuer;1
fremdling;1
spät;1
aufgethan;1
verkündigen;1
einbilde;1
baume;1
wannen;1
bewut;1
späte;1
höllischen;1
schmuzige;1
auswählen;1
bitter;1
kenntetzum;1
bittet;1
sicherheitsclausuln;1
zehntausenden;1
geringes;1
melancholiedie;1
aufführung;1
zurükzutreiben;1
angenehme;1
abschikung;1
weggetragen;1
bezieht;1
werdenich;1
gelage;1
glüklicher;1
missethat;1
ruhmbegierde;1
sichdurch;1
zusammengezogen;1
traurenden;1
paradoxer;1
felsens;1
dähnehier;1
erdball;1
jüken;1
bliken;1
taumeln;1
myladys;1
altersschwachheit;1
rasender;1
rasenden;1
fehlbitte;1
knoten;1
arzney;1
entwiklung;1
anmuthige;1
erhaltender;1
gedärme;1
feyerliche;1
schattens;1
messer;1
stok;1
rivalen;1
versagen;1
wassernymphe;1
hei;1
bekommenund;1
abzufallen;1
thronfolge;1
zog;1
bilde;1
fassung;1
bewährten;1
cameleons;1
verfolge;1
hauptursache;1
unstern;1
eule;1
erhalte;1
griff;1
folgende;1
dähnischensigel;1
ungehorsam;1
aushält;1
ränke;1
übungen;1
liverey;1
hamleten;1
gedenke;1
weibertreue;1
innerste;1
nordwest;1
verliehret;1
boten;1
stab;1
singt;1
zärtlichen;1
düstre;1
führst;1
plözliches;1
vereinigt;1
klang;1
anschlugen;1
ängstlichen;1
grösser;1
spieltet;1
wörterschall;1
plözlicher;1
knospen;1
lüfte;1
gerad;1
eingelegt;1
fleken;1
fremden;1
rogen;1
brutus;1
vollständiger;1
gelübde;1
abzuschneiden;1
liebet;1
bekanntschaft;1
lieben;1
wichtigkeit;1
quaal;1
beiderseits;1
tadel;1
langsam;1
namsen;1
frühlings;1
statten;1
etliche;1
ausgeschlossen;1
selbstein;1
winken;1
zauberey;1
verwikelt;1
pferdes;1
phantastisch;1
entfliehe;1
schwindel;1
gefalle;1
frischen;1
zauberer;1
frischer;1
mehrder;1
niederträchtiges;1
nungefüget;1
weissen;1
wundert;1
nachhängt;1
brecht;1
dienende;1
stirnehyperions;1
seyversteht;1
erbärmlichen;1
hüllte;1
erbärmlicher;1
proportion;1
pflichten;1
ausgebrannt;1
umstekt;1
hillo;1
rasend;1
unternehmung;1
majestätisch;1
bissen;1
geheimnisse;1
halbpfenning;1
kappen;1
sachemeine;1
gezwungene;1
beschworen;1
berechnung;1
lamond;1
erfährst;1
beygefallen;1
durftehimmel;1
fielen;1
ordnung;1
borgen;1
borger;1
eigens;1
gemischt;1
geschahe;1
bekerstochter;1
bedienen;1
windeln;1
freundschaftwieder;1
comödiantisch;1
künftige;1
olimpus;1
habendie;1
anzustellen;1
emporragenden;1
estce;1
zurüstung;1
auffordern;1
thorheit;1
paris;1
weggerissen;1
bekennen;1
verhaten;1
führet;1
gallerte;1
verflucht;1
thema;1
aussezt;1
reueo;1
schanzgräbernoch;1
garaus;1
stroh;1
ausreit;1
göttin;1
maassen;1
possierlicher;1
blümchen;1
sclaven;1
hofmanns;1
annähme;1
schädel;1
unerbittliche;1
volle;1
verdacht;1
istbin;1
längst;1
herausklopfen;1
machenwahnwiz;1
heutigen;1
seynalles;1
jung;1
eilfertigkeit;1
übersegelt;1
israel;1
hecates;1
stöto;1
zudem;1
brüllt;1
fatalen;1
geschlaffen;1
schäden;1
vermög;1
presse;1
ungezähmt;1
sonntagskraut;1
austheilten;1
beschwör;1
keinem;1
unsgeh;1
gewordene;1
jukt;1
keines;1
auglieder;1
monateh;1
anzuwenden;1
sigeln;1
felgen;1
weitere;1
übergieb;1
tummelplaz;1
hohlt;1
versprochen;1
füllen;1
allzugrossen;1
leidenschaften;1
anschuldungen;1
meergottes;1
befriedigen;1
go;1
partheyisch;1
schwünge;1
bewegungen;1
wuten;1
idee;1
de;1
weiters;1
papiere;1
sagten;1
weitern;1
giet;1
plagen;1
närrischen;1
milch;1
waschen;1
schulcamerade;1
saft;1
bösewichtmeine;1
abdankung;1
ek;1
manieren;1
betrunken;1
etwa;1
giftigen;1
bevorstehender;1
bediente;1
stolzen;1
beyseite;1
saugen;1
bi;1
stolzer;1
geschossen;1
himmlische;1
zusammengewachsen;1
schwierigkeiten;1
verzweifelte;1
genaue;1
brautbette;1
welten;1
zeitaber;1
jammere;1
umschwebet;1
gemüthsruhe;1
lesendwie;1
tugendsame;1
lokt;1
meisterstük;1
herrwie;1
küsse;1
au;1
hinabihr;1
aa;1
grälich;1
ah;1
verrenkt;1
zugeruffen;1
römer;1
ältesten;1
centaur;1
himmelund;1
befremdliches;1
benachrichtigung;1
weitem;1
weiten;1
braucht;1
wiewol;1
fürsprecherin;1
kamen;1
lo;1
plans;1
beleidigtehamlet;1
dekt;1
glüksstand;1
zaun;1
wäreda;1
unmensch;1
ungestüme;1
anflammenwir;1
ebne;1
selbigen;1
deke;1
gegenwehr;1
mayen;1
interessiert;1
fortgang;1
begegne;1
leichtgläubiges;1
menschsolchen;1
täuschen;1
schmelzen;1
hinunter;1
franzosen;1
begehren;1
erben;1
schwermüthiger;1
allgütige;1
anzeige;1
hyrcanischen;1
erstarren;1
zurüstungen;1
it;1
habenwie;1
schinken;1
begräbni;1
know;1
endeno;1
hättest;1
abschied;1
unbedeutenden;1
einbildet;1
essig;1
getreu;1
gefängnisse;1
werdets;1
mütest;1
seiten;1
hol;1
präcautionen;1
warsey;1
seyndas;1
umständliche;1
würmer;1
starrenden;1
glänzenden;1
suden;1
zweifelt;1
dragoner;1
blutschändrische;1
sinns;1
vollmacht;1
funkelnden;1
gemästet;1
unfähig;1
tituls;1
menschliche;1
kleide;1
frost;1
te;1
tugenden;1
pult;1
puls;1
todtengräbers;1
überzog;1
fähigkeiten;1
fuhren;1
waret;1
verwendungen;1
todtengräbern;1
text;1
hermelinpelz;1
se;1
erinnert;1
erstatten;1
bauch;1
ausdrukt;1
geschadet;1
wolgesprochen;1
weigert;1
blutroth;1
wächtdas;1
vorlegen;1
früchten;1
ro;1
lobrede;1
zeitung;1
mü;1
beschaffen;1
wandelt;1
mittelpunkt;1
erinnere;1
büssen;1
unentschlonen;1
ewige;1
anbefohlen;1
bottschaften;1
vorgesagt;1
hastigen;1
lohn;1
stralenden;1
spotten;1
kriegsrechts;1
schrekenvoller;1
lustbarkeiten;1
widersinnisch;1
öffentlicher;1
gefühllose;1
gesichtern;1
heldenmüthigen;1
brutal;1
eyter;1
wunderliche;1
denkengebrechlichkeit;1
kühn;1
apud;1
geneigtes;1
tropfe;1
bemittelt;1
schlaffenden;1
tanzenden;1
hättenmein;1
unterbrochnen;1
gelübden;1
rüstet;1
projekt;1
vierzigtausend;1
goldbehaarten;1
unkenntlich;1
gemeiners;1
cajute;1
rechtfertigen;1
wodurch;1
kluge;1
schüsseln;1
beantworten;1
entweder;1
undsezte;1
tugendblühte;1
ansehens;1
stürzten;1
düstern;1
schlund;1
ausbitten;1
herrwas;1
fezen;1
ehegelübde;1
grillenfänger;1
fieng;1
yorik;1
grössesten;1
häuptern;1
grössester;1
trauet;1
anstössiger;1
herrsprecht;1
schlechtigkeit;1
ehrwürdige;1
creaturen;1
sommerlaube;1
kamst;1
exclamationen;1
verurtheilt;1
eiteln;1
ausserordentliche;1
hierauf;1
schenke;1
äusserliche;1
verheyrathet;1
eingeben;1
hieraus;1
dahinten;1
unbeflekte;1
officiers;1
ausbringen;1
morast;1
temperaments;1
istwenn;1
bezirk;1
abgelöt;1
grimasse;1
handwerk;1
schike;1
schmetternden;1
weissest;1
aufwand;1
millionen;1
fee;1
leichten;1
leichtes;1
krümmen;1
schleunigen;1
entnervet;1
hintertreiben;1
allesund;1
hineinguken;1
nichtihr;1
üppiger;1
häuser;1
dauerhaft;1
gelächter;1
höflich;1
conversation;1
einzeln;1
verbanne;1
versprechungen;1
privatpflicht;1
feige;1
erforschen;1
zehrendes;1
trübsinnigkeit;1
verdammni;1
heimathloser;1
vergnügtes;1
unbekümmert;1
erstattet;1
wolltest;1
diebstahl;1
herausziehen;1
unbändiger;1
grausenhafter;1
könntdas;1
verschmähter;1
handschriftnakend;1
angebotene;1
wirddenn;1
verhunzt;1
verstellter;1
unversehens;1
frömmsten;1
anfienge;1
trieb;1
jüngling;1
pikelhäring;1
geschichte;1
anstellen;1
exerciert;1
rettet;1
erbietungen;1
töne;1
unbekannt;1
gleichmässiger;1
wollest;1
sakerlot;1
deinauf;1
übertraf;1
schmachten;1
commissarius;1
gewöhnlich;1
besuchst;1
abgewürdiget;1
hundertmal;1
isthinein;1
lenden;1
austreiben;1
retten;1
perüke;1
übergüldete;1
federn;1
spiele;1
waagschalen;1
fanden;1
anzunehmen;1
leztverwichnen;1
halbgeschlossnen;1
trinkekomt;1
innerlich;1
marmornen;1
nebenchristen;1
schreibart;1
wovor;1
aufopfern;1
rüken;1
eyd;1
besprach;1
kläglichste;1
unterlassen;1
blat;1
reizen;1
füllt;1
gäben;1
öffnet;1
zugestellt;1
ausforschen;1
liedes;1
sogeschikt;1
getauchter;1
heilsamsten;1
unmenschlichem;1
verdekter;1
gehüllt;1
unmenschlichen;1
veränderlich;1
woher;1
unmenschliches;1
betest;1
durchbohren;1
oheims;1
ausist;1
billiges;1
aufgespreiten;1
hartnäkiger;1
neugebohrnen;1
strudel;1
beule;1
dornichten;1
ausserdem;1
lippen;1
eingeschlossen;1
philosophen;1
spund;1
befreundt;1
altes;1
nuschale;1
verwandelte;1
grossevorhaben;1
weissagende;1
rühmlich;1
redeoder;1
wisse;1
hecubawas;1
zubeten;1
punkt;1
solle;1
abscheues;1
veränderungen;1
zusammenberuffen;1
solls;1
trozigen;1
kalte;1
versichern;1
hämmer;1
wohnt;1
ziererey;1
heftige;1
ausgenommen;1
visier;1
rükweg;1
heulend;1
böses;1
vorgestern;1
ehegatten;1
armseliges;1
niederträchtige;1
suchest;1
schneidt;1
unregelmässigen;1
capitol;1
auszuführen;1
jahren;1
weibsbildern;1
effect;1
ungestört;1
worüber;1
verwende;1
anzügelichers;1
glüks;1
eigentlich;1
gerichtlich;1
kriegsbedürfnissen;1
beliebt;1
gutwir;1
toscanischen;1
schlechte;1
glüke;1
sechszehn;1
leichenbegängni;1
erforderte;1
starr;1
stösse;1
bluts;1
postscript;1
heulen;1
pacht;1
scherben;1
ungereimt;1
vorhabens;1
beugt;1
roscius;1
eng;1
district;1
leget;1
zusehe;1
male;1
verband;1
entwurf;1
fürstliche;1
ungeschmakt;1
feine;1
allzucritisch;1
vorbehält;1
jemalsselbst;1
osten;1
büken;1
sonderheitlich;1
dürfe;1
erscheint;1
gezwungen;1
krabbelt;1
verschwendrisch;1
artikel;1
dämpfe;1
heyrathet;1
miklingende;1
mark;1
solen;1
spizige;1
gedränge;1
zeitalles;1
gegossen;1
gleitet;1
norweger;1
auszustralen;1
blos;1
übereinstimmung;1
schwebt;1
sehenhier;1
unausgemachte;1
monatich;1
herabhängt;1
philosophie;1
erforderni;1
theilt;1
mutterkommt;1
brüllendem;1
stühnde;1
schattierungen;1
fehlen;1
fortschwärmen;1
officier;1
caviar;1
erlidten;1
stahl;1
requiem;1
milingen;1
humors;1
gerader;1
windichte;1
geltend;1
gebeten;1
tändeley;1
tödtlichen;1
gehörte;1
erweiset;1
vorboten;1
gefüllt;1
kirchhöfe;1
bemahlt;1
staatisten;1
welchen;1
verschwinde;1
besiegelten;1
vorzüglich;1
herumwandernde;1
demüthiger;1
bitterlich;1
niemal;1
frauenzimmer;1
cains;1
windlöcher;1
pflichtvoller;1
edelleute;1
gürtelgut;1
unbegrenzt;1
doctor;1
tranko;1
methode;1
hinreissen;1
entstehen;1
segensvoll;1
abzustellen;1
diker;1
unholden;1
fügungen;1
mondschein;1
staupbesen;1
wohlthätiger;1
verrätherische;1
erstiken;1
eilfertigen;1
schwefelflammen;1
unbefiederten;1
eilfertiger;1
durchdringt;1
thron;1
diadem;1
schwerds;1
flügel;1
dichtgedrängte;1
bande;1
bedaure;1
bedaurt;1
anbruch;1
ring;1
umkreis;1
pfand;1
überall;1
theilen;1
heldengestalt;1
hofft;1
kobolt;1
rükenhalter;1
gewährt;1
geliebten;1
allemdiesem;1
geliebter;1
mässigung;1
grimmigem;1
schnurrende;1
ansahen;1
frässe;1
gemüthern;1
äusserste;1
gekizelt;1
universität;1
unvorsichtig;1
lächelnder;1
neid;1
stach;1
silbergrau;1
stimmen;1
pfeffer;1
furchtbare;1
pantoffelhöhe;1
dorthin;1
arms;1
anmassest;1
buhlt;1
diesesmal;1
ausdrüken;1
weiber;1
studieren;1
aufruffeno;1
weitläufig;1
neuausgebruteten;1
werthen;1
stolze;1
besorget;1
erkundigung;1
staatskörpers;1
gläsernen;1
süssem;1
sagtschwört;1
begrabnen;1
einlauffen;1
aufhören;1
verbrecherische;1
splenetisch;1
neuern;1
mitleiden;1
bevorstehen;1
krause;1
ausschlagen;1
verwechslung;1
verhärtet;1
vorsehung;1
herabgeschwungen;1
fluchen;1
nationallaster;1
mangel;1
hängt;1
beybringe;1
priam;1
heftigkeit;1
durchlauchtiger;1
genie;1
zittern;1
müssiggänger;1
steuret;1
beybringt;1
monarchen;1
wirkt;1
abgehalten;1
güldensterndie;1
vollkommenste;1
nero;1
flaschen;1
verlasse;1
tauben;1
size;1
angel;1
räche;1
hirsch;1
bedacht;1
befördrung;1
stöt;1
wiedersinkende;1
stör;1
sizt;1
ausdruk;1
besänftigen;1
vermählung;1
formul;1
schnepfen;1
herumkriechen;1
ansteken;1
muths;1
angewandte;1
nest;1
sonnenschein;1
kommet;1
betet;1
könneadieu;1
steknadel;1
duld;1
stündlich;1
bettelarm;1
abgnädigster;1
hohlen;1
besorgni;1
gifts;1
stuhnden;1
überlasse;1
gewiedmet;1
fehlt;1
hunger;1
bleidiget;1
durchbrochen;1
menge;1
glas;1
pfeile;1
tändelhafte;1
haar;1
bewunderns;1
frühlingswege;1
entschläft;1
graut;1
entfärbt;1
bemühung;1
graue;1
eingenommen;1
stillschweigen;1
gespenste;1
muschelhut;1
werktag;1
eingezeichnet;1
commandiert;1
drollige;1
auftreten;1
cavalier;1
bedingnissen;1
affectiertes;1
vernimmt;1
beherrschtihn;1
dritter;1
gefahrdrohende;1
cherub;1
gleiche;1
einsieht;1
besorgte;1
capunen;1
eyternden;1
goldnen;1
gewaltthätige;1
dauert;1
gefahren;1
schiet;1
verwirrungen;1
auszuweichen;1
gelegensten;1
gewissenlose;1
schliet;1
angeredet;1
beständiger;1
blutig;1
begeben;1
denkst;1
stärksten;1
gutnoch;1
erworbene;1
hievones;1
curieren;1
pfad;1
hinfällig;1
schlürfen;1
verdru;1
kopfweh;1
kriegrisches;1
niemanden;1
fürchterlichen;1
täglich;1
gewinn;1
ohnmacht;1
fürchterliches;1
mitgift;1
folie;1
zugefallen;1
namens;1
streichen;1
tragenwie;1
entzwey;1
gewandt;1
schüttelte;1
feuchtigkeiten;1
poeten;1
dan;1
kuppel;1
unfehlbaren;1
daraufihr;1
schrekliche;1
schliefen;1
gesalzen;1
bedenklichkeiten;1
abscheulich;1
ehren;1
wider;1
unhöflich;1
aufaber;1
gleicher;1
wirkte;1
kleiner;1
abhängig;1
landsässen;1
wildheit;1
ausgemachte;1
lokenden;1
ungeweihten;1
greiffen;1
blutstropfen;1
absichtenund;1
entladen;1
normandie;1
holz;1
nächstfolgende;1
mühseliges;1
mühseligen;1
feinen;1
füglichsten;1
links;1
besondre;1
blösse;1
himmelunsern;1
thränenwie;1
begebenheitso;1
verzweifelten;1
befleissen;1
gütige;1
edelmüthig;1
spamacher;1
defect;1
auszierung;1
verstehst;1
hoff;1
wegnähme;1
unterscheidungskraft;1
ungemein;1
sträubt;1
anzulegen;1
fertigt;1
bruderblut;1
istallein;1
bluten;1
horcht;1
überflüssig;1
linie;1
überlesen;1
lokendie;1
schlich;1
werdeich;1
überwältigen;1
bestattung;1
hörendie;1
ausgemachter;1
worauf;1
demselben;1
kilian;1
scherzt;1
hohe;1
tiefsten;1
ruchloser;1
erblassen;1
schriftlichen;1
kaze;1
hattezu;1
scherze;1
bauren;1
gänsespulen;1
könnenich;1
aufgräbt;1
fürchterlichere;1
einemerhöheten;1
schlief;1
heraushelfen;1
woraus;1
geschwornen;1
bühne;1
gefährliches;1
gefährlichen;1
ruhiger;1
lethes;1
ruhigen;1
verschuldeten;1
herrschen;1
riechen;1
fügt;1
werdeihr;1
fürbitte;1
eurem;1
euren;1
modell;1
miniatur;1
beleuchtetso;1
beleidigten;1
zurecht;1
usw;1
schändlicher;1
unruh;1
qual;1
armseligkeiten;1
schändlichen;1
gelegne;1
siegreich;1
ausserordentlichste;1
hefte;1
faden;1
schönheiten;1
herabhängende;1
ehrlose;1
weibische;1
flügeln;1
nothfall;1
leibe;1
überfliessende;1
drukt;1
vielein;1
yoriks;1
legenliebe;1
edlem;1
kieselsteine;1
spalte;1
stärket;1
edlen;1
einrichten;1
lehrmeister;1
trabanten;1
nezen;1
besiz;1
artillerist;1
flüstert;1
geraume;1
flüstern;1
anbringen;1
sixer;1
ernennen;1
versäumt;1
rades;1
tisch;1
ausbricht;1
emphatisch;1
duzend;1
gerizt;1
ossa;1
aufgehört;1
erklärung;1
gassenliedern;1
mindesten;1
anfängst;1
gelobt;1
beklagens;1
barmherzigkeit;1
erbärmliche;1
verwundeten;1
leutselig;1
abhang;1
scheusal;1
queksilber;1
lehens;1
gemüthskrankheit;1
kanwollt;1
fechter;1
häufigem;1
geheimes;1
geheimen;1
überfiel;1
vierter;1
fliehen;1
ohrenbläser;1
verteufelte;1
gottähnliche;1
bedenken;1
schneiden;1
tröst;1
zusammentragen;1
pfeil;1
leyer;1
überwachsen;1
erretten;1
schwerlich;1
benachrichtigen;1
besah;1
unsinnigen;1
viertel;1
fette;1
hältst;1
wammes;1
überbringen;1
gevatter;1
überbringer;1
auszubilden;1
mühsam;1
entdekten;1
anklagen;1
schlechtweg;1
schnupftuch;1
lumpenkönighimmel;1
ertragen;1
nachtisch;1
gegnern;1
überdas;1
aufrührischen;1
blase;1
gesichtszug;1
höret;1
hörer;1
definition;1
uhr;1
mäuschen;1
einträglichste;1
wälzen;1
freywillig;1
sinnlichkeit;1
ungerechtigkeit;1
adel;1
bescheidenheit;1
leite;1
indirectum;1
zumal;1
anzulassen;1
ader;1
selbstseht;1
sagennein;1
pathetisch;1
abmit;1
ansehung;1
tyger;1
gleichsam;1
schwach;1
verhelfen;1
bieten;1
unsichtbaren;1
herrwenn;1
gleichgültigen;1
klinge;1
dach;1
lesend;1
hirnkasten;1
undnicht;1
vormalige;1
geheiligte;1
unflätigen;1
aussage;1
unfehlbar;1
tagwerksjungen;1
schüze;1
eifer;1
narben;1
calumnien;1
ungewöhnlichen;1
umstehenden;1
irren;1
geschmiedet;1
sündenund;1
selbstvertheidigung;1
gesichte;1
erblaten;1
gestern;1
leise;1
niedergeschlagene;1
unzertrennlich;1
immerthränende;1
schweben;1
zeitpunkt;1
geseze;1
erschreklich;1
schnellwürkendes;1
rühmlicher;1
überleben;1
beredteste;1
beydengesandten;1
seydhätte;1
hübscher;1
beobachtung;1
hübschen;1
dimal;1
flek;1
unterwarf;1
flei;1
hübsches;1
blüthe;1
westwärts;1
beugen;1
berauben;1
zugehe;1
einzunehmen;1
wilder;1
laurend;1
lohgerber;1
kriegsheer;1
befremden;1
abgebettelt;1
silberfarb;1
neuigkeit;1
magern;1
dus;1
gertruderedet;1
erkenn;1
last;1
eyerschaaledas;1
antrieb;1
influenzen;1
zusammenkunft;1
bestreuen;1
rechnen;1
gesteht;1
doppelte;1
beyleget;1
streke;1
leihen;1
leiher;1
zuhörerdient;1
verliehrend;1
fordert;1
reicher;1
reiches;1
gehör;1
reichen;1
genennt;1
giebs;1
gewähren;1
vollblütigkeit;1
kundschafter;1
bewegungskraft;1
laub;1
mächtiglich;1
abgesandter;1
sahest;1
toller;1
wenns;1
furten;1
montag;1
geschnitten;1
neigt;1
berer;1
verwundten;1
contemp;1
niken;1
arzneymittel;1
ganzer;1
anständiges;1
anständiger;1
herolds;1
fliessen;1
einzubilden;1
auglider;1
währendem;1
beobachte;1
hoch;1
seufzt;1
spielengrü;1
redehalt;1
rechtfertigung;1
gesund;1
wohlanwieder;1
emporkommt;1
anlegung;1
wichtigsten;1
getraurt;1
ältern;1
fälltwelch;1
ältere;1
manier;1
alltägliche;1
phantastische;1
unrechtmässig;1
widerwärtigkeiten;1
verwei;1
stacheln;1
gebietende;1
unzeitiggeschäftiger;1
gelehrt;1
jährliches;1
irrende;1
gonzagos;1
schlechterdings;1
endzwek;1
milungenenanschläge;1
abgewendet;1
abgott;1
häliche;1
schweinstalle;1
helfet;1
berge;1
träger;1
trägen;1
bergs;1
politische;1
vorgeworffen;1
unbarmherzige;1
verabscheut;1
larve;1
vermeynten;1
gedächtnisses;1
runde;1
zweydeutige;1
weibliche;1
abtändeln;1
liessen;1
baldachin;1
liesset;1
armee;1
sanft;1
abziehen;1
kundmachen;1
dame;1
einstimmung;1
degens;1
solchergestalt;1
sprize;1
nemeischen;1
alldieweilen;1
ändert;1
unterschrieb;1
präliminarfragen;1
gesehn;1
bild;1
regeln;1
strozenden;1
ausganges;1
christenseelengott;1
ilion;1
reichthum;1
appetit;1
zuhörer;1
jämmerlich;1
feurt;1
aufsaugt;1
glokengeläut;1
festlicher;1
schwingen;1
vereinigten;1
halltet;1
erhaltet;1
zähne;1
pastoral;1
verfolgte;1
beraubte;1
geräthe;1
behandeln;1
gräbt;1
zählt;1
magische;1
erwartend;1
mihandlungen;1
schulcameraden;1
säuffer;1
fliegen;1
nichtmutter;1
vergesse;1
dik;1
übermahle;1
desköniglichen;1
gebeinen;1
aufmerksam;1
hereinkommenich;1
geringsten;1
krächzende;1
schlafzimmer;1
werfet;1
reue;1
trankich;1
schütteln;1
affe;1
gnädigst;1
kronen;1
übertriebne;1
hebe;1
hebt;1
rathschläge;1
gehemmt;1
suchen;1
feyerlichem;1
hinlänglich;1
unentdekt;1
blutschändrischen;1
solltesterbenschlafendoch;1
bemühen;1
herumgehen;1
einenplan;1
welchealles;1
parfüm;1
werbungen;1
vertheidigungskunst;1
liessendie;1
beginnen;1
red;1
betäubenden;1
königreichs;1
hätt;1
tragödie;1
geboten;1
gebrauchenvergieb;1
bekennt;1
fehlschlüge;1
unfruchtbare;1
heid;1
himmelküssenden;1
blutschänderischen;1
bekenne;1
blutschänderisches;1
gutwillig;1
sizen;1
heil;1
verwürkten;1
hälicher;1
zurechnen;1
eingeschlafen;1
todtengräberscene;1
hersagen;1
sieeben;1
rat;1
gras;1
besehen;1
grau;1
spielte;1
schaarenweis;1
gram;1
vorgehalten;1
vielleichtoder;1
zurükgeschrektaber;1
mords;1
dasthut;1
gerinnen;1
beywörter;1
muskel;1
rosten;1
hemd;1
herausschlagen;1
kurzweiligste;1
galgenmacher;1
residuum;1
nachmachen;1
gassenhure;1
ahnungen;1
geisselstreich;1
daherstürzenden;1
aufgelegt;1
übertrieben;1
nachengland;1
besorglich;1
gewettet;1
hergegangen;1
einmitrauen;1
züchtigen;1
mischete;1
rok;1
besezt;1
wissenschaft;1
schüttete;1
vermehreund;1
jüngste;1
glänzend;1
ächzen;1
grob;1
krähte;1
beschikung;1
bruchstüke;1
rostig;1
grobe;1
geschwür;1
entehrte;1
patriz;1
handgemeng;1
schwärmenden;1
benezt;1
stellte;1
versicherung;1
einflüssen;1
segel;1
vorstellungen;1
trauriger;1
traurigem;1
traurigen;1
abwischen;1
schwazest;1
schauere;1
kesselpauken;1
schauest;1
dreyfaches;1
grammaticus;1
pflichtschuldigem;1
rechnung;1
amber;1
wirwas;1
polarstern;1
getrieben;1
wizigste;1
lautenein;1
hizig;1
handelt;1
nachmittags;1
geschwängert;1
redner;1
disteln;1
allerseitses;1
gehirns;1
fortgeschikt;1
eröffnen;1
wegwenn;1
vortreflichkeit;1
erblat;1
verrathen;1
ausdünstungen;1
zwoer;1
horatiounglükliche;1
verständigsten;1
aufgehäuft;1
ruf;1
überliet;1
versteh;1
gnädiges;1
elend;1
verstek;1
scheinenden;1
ungetreue;1
vatersdann;1
sphäre;1
scheinheiligen;1
leuchten;1
zirkelnde;1
verspracht;1
verlängern;1
lieg;1
befand;1
reibt;1
verlängert;1
bestimmung;1
mihlthau;1
knechte;1
unsichtbar;1
nassen;1
bluthorch;1
unschädliche;1
prächtige;1
gefangner;1
dakommt;1
wenigem;1
rechts;1
lüftchen;1
sowol;1
charitas;1
hersagte;1
sogern;1
käme;1
eingebildeten;1
verbunden;1
hahnreyh;1
ausgedehnt;1
schleppen;1
taumelnden;1
teufels;1
schmeichlerische;1
aufreizen;1
alarm;1
tantemutter;1
zerbrechet;1
nachlaufenso;1
gefesselt;1
versprechen;1
fühlen;1
betriftes;1
brennenden;1
kahles;1
allenthalben;1
spiel;1
regelmässig;1
niobe;1
männern;1
zarten;1
saz;1
herauslassenich;1
miverstehen;1
abreiset;1
machtich;1
traurige;1
huldreichesten;1
krachende;1
vorgeworfnen;1
täubchen;1
weinte;1
kennnest;1
wissens;1
schweiffe;1
stoff;1
geistlichen;1
gelobete;1
verwandeln;1
seneca;1
grörer;1
innhaber;1
kühnen;1
zauber;1
hurenjäger;1
empfehle;1
freyem;1
vergebens;1
lobenswürdigen;1
chor;1
kleiden;1
fliege;1
geruch;1
pünktlich;1
fühllo;1
unterdrükers;1
lustig;1
wangen;1
untersuchen;1
verpestete;1
echte;1
bewegen;1
seuchen;1
aufzustechenhamlet;1
vermessen;1
frazengesichter;1
purpurs;1
gesiegelt;1
beehrt;1
hineinbrachten;1
ausspruch;1
ausbund;1
harmonie;1
immerdaurende;1
vorzuwerfen;1
wurzeln;1
comicalpastoral;1
gescheidte;1
entrüstet;1
greuelthat;1
vertheidiget;1
fenster;1
angeschlossen;1
luderfleisch;1
kriecht;1
ungeschüttelt;1
bezeugt;1
ritter;1
vorgefallen;1
unterhalt;1
lassenwas;1
brennet;1
siz;1
ocean;1
bastart;1
herbeyschlich;1
begieng;1
redlicher;1
begegnete;1
wolleallein;1
fehlers;1
überfliessend;1
beginnt;1
compliment;1
lebhaft;1
habeeuch;1
unfallso;1
ausmachte;1
eigensinn;1
aufpakener;1
sct;1
betrachte;1
fehlern;1
sendet;1
fersen;1
senden;1
satyrischer;1
maaliebe;1
härte;1
nächtlichen;1
lasse;1
lieffest;1
überzeugendern;1
umgebracht;1
verfluchte;1
flüssige;1
gewiesen;1
würkung;1
solltedas;1
seinelandsleute;1
erwiedert;1
fortschleppen;1
eilf;1
verdrielichen;1
beyderseits;1
zwoo;1
eingehen;1
vorstellt;1
ahmten;1
jähzornig;1
stinkende;1
plautus;1
unedeln;1
heftig;1
ungesehn;1
starren;1
satyr;1
durchkreuzen;1
sichtbar;1
erschlug;1
sog;1
spaten;1
rachsucht;1
erklären;1
seze;1
soutenierten;1
pestilenzischer;1
üble;1
regen;1
härme;1
erleichtert;1
schlamme;1
polak;1
erleichtern;1
unterdrükung;1
zurükgegeben;1
videlicet;1
dejenigen;1
werdennun;1
zwek;1
vermeidet;1
sehnen;1
erlaubniwie;1
beinen;1
behauptete;1
gnade;1
dolch;1
angenehmste;1
wegeräumen;1
willige;1
sigelte;1
frühzeitig;1
ausgestanden;1
aufstehe;1
regiert;1
verlange;1
erdboden;1
eigenschaften;1
gährenden;1
finstrer;1
vortreffliches;1
vortrefflicher;1
schrien;1
sprang;1
diefreundschaft;1
erraten;1
erwägung;1
gebrauche;1
ausgemergelte;1
ausgestossen;1
büchern;1
stottern;1
lebendige;1
valentins;1
bohren;1
unentbehrlicher;1
leisten;1
weitläufigkeit;1
vermeiden;1
danken;1
schäze;1
winke;1
zuweilen;1
heihungrige;1
hinankletterte;1
actum;1
alltäglichen;1
schuhe;1
federmesser;1
solchem;1
befruchte;1
erlösers;1
vertrakter;1
gemüthe;1
gambaden;1
unvermögenheit;1
unsterbliches;1
besudelter;1
höhern;1
priestern;1
soviel;1
elende;1
abero;1
wiederfahren;1
miroh;1
würmern;1
heftigsten;1
brich;1
halle;1
begiebt;1
räuber;1
emporstehen;1
stattlichem;1
staupen;1
rein;1
mässiger;1
winden;1
mässiget;1
schule;1
umzubringensind;1
graben;1
verwahrt;1
schädliche;1
selten;1
kopfabgeschlagen;1
häuslichkeit;1
auferzogen;1
gromächtiger;1
auflodern;1
cameradschaft;1
auflodert;1
ausberstende;1
vorgegeben;1
vorwurf;1
schreibt;1
zerstreuen;1
ankunft;1
blike;1
hartherziger;1
gleichgewicht;1
unheilbare;1
abzugeben;1
wirddeiner;1
sceneangekommen;1
geheiligten;1
vermelde;1
unvergleichlich;1
geheiligter;1
gewette;1
ausbrechenund;1
abzunehmen;1
ruin;1
halbe;1
faulen;1
geändert;1
ausgedacht;1
übereilte;1
hülflosen;1
thräne;1
unglükliche;1
dido;1
nachgehen;1
persönliche;1
wirs;1
sagenich;1
abschiedssegen;1
ungeduldigen;1
tapfrer;1
ewigkeit;1
engen;1
lasterhafter;1
schämt;1
baken;1
bestimmten;1
poesie;1
endigen;1
aufruhr;1
schritt;1
gebraucht;1
wite;1
beschelten;1
hausmeister;1
schaufel;1
auskauft;1
tiefes;1
kämest;1
gefängni;1
scheiden;1
schlechter;1
wortspiele;1
verborgnes;1
verborgner;1
dargebracht;1
gerechten;1
boshafte;1
vetter;1
ersparen;1
anderst;1
beyspiel;1
bevorsteht;1
ungestraft;1
beschrieben;1
geziemen;1
seelenhirten;1
glichen;1
kinderey;1
wegzuschaffen;1
heisses;1
erklärt;1
weggefressen;1
gaudieb;1
kern;1
sies;1
sieo;1
hinten;1
geheimnisvolle;1
vertrages;1
unverständlich;1
nährt;1
ausfündig;1
vortragen;1
abgefat;1
fibern;1
erdschwamm;1
stehet;1
waldstroms;1
denkungskraft;1
versinkst;1
nähte;1
anschlag;1
shakespearsmehr;1
küt;1
gliedma;1
beleidiger;1
bemerkt;1
vorschwaze;1
durchs;1
grabscheitern;1
vernehmlichen;1
sindwir;1
versündiget;1
fingerte;1
schuldiger;1
geschmükt;1
phantasirende;1
wegweiser;1
siegs;1
frieden;1
überleget;1
saamen;1
schuldigen;1
gutenberg;1
flammenden;1
zwanzigste;1
siege;1
gratis;1
halse;1
dacht;1
kopfschütteln;1
schweinische;1
gelegnerer;1
ergriff;1
parterre;1
verdammlichen;1
per;1
theatralischen;1
angeben;1
erschraken;1
findt;1
procedirt;1
wagschale;1
ruhige;1
reissenderm;1
kurzweil;1
brauchte;1
finde;1
schaute;1
senkten;1
rachgierig;1
einziehen;1
verleihet;1
kinds;1
trübem;1
gegerbt;1
gebäu;1
vasallen;1
herrlichkeit;1
anlegen;1
rollet;1
kaltsinnig;1
thaler;1
puritaner;1
nebenbuhler;1
reizender;1
schreibens;1
etextes;1
hauptmännern;1
nichtswürdiger;1
morddas;1
poz;1
verbreitet;1
taucht;1
bestattet;1
empfehlen;1
grosprechen;1
gestorbnen;1
bestatten;1
bunt;1
löwens;1
alexanders;1
anlat;1
mibilligen;1
bemeldtem;1
unterstüzt;1
fetter;1
lebtage;1
kröte;1
naturfehlers;1
empfindlichste;1
gehalt;1
wühlet;1
zorns;1
gestehen;1
unterthanen;1
schmause;1
frömmern;1
fühlbarer;1
unschuldigen;1
liegst;1
fühlbaren;1
nachlässigen;1
hofleutenwas;1
edelmüthiger;1
jupiters;1
handsaw;1
zulang;1
edelmüthigen;1
liegendo;1
pelzen;1
liegende;1
gefällts;1
weglassen;1
zehentheils;1
entheiligung;1
vorgegangen;1
besorgnissen;1
siebenmal;1
wiederkommen;1
giengenich;1
schenken;1
lustigen;1
müttern;1
anhöre;1
eingeschlukt;1
ungebildeten;1
unverwundbar;1
begleitet;1
ehgelübden;1
erweken;1
inengland;1
siehe;1
kraftlosen;1
ruthe;1
sacrament;1
feyrlicher;1
welch;1
determinierter;1
zeugt;1
brudermordbeten;1
währte;1
schläfernden;1
fängt;1
übergang;1
krebs;1
tragegenug;1
geschlossen;1
überziehen;1
trachten;1
gezielt;1
beschwöre;1
meinhier;1
affektiertes;1
mutterleib;1
zernichtet;1
summe;1
rachen;1
geziemt;1
würfelspieler;1
vorbereitung;1
schlüssen;1
glitschte;1
nabe;1
aufgefodert;1
schlüssel;1
enthärte;1
himmlischer;1
losarbeiten;1
hergezäunt;1
haushaltung;1
sichzugetragen;1
kriegrische;1
residenz;1
rükwärts;1
kräht;1
tarsche;1
lebensregeln;1
gewälzt;1
krähe;1
merket;1
hofnarrens;1
sandbänke;1
abgewognen;1
kämpfen;1
feindes;1
ablöset;1
stinkenden;1
gesprengt;1
schämen;1
abseht;1
feuerwurm;1
beschmieren;1
betrügen;1
einsichtsvollen;1
abgeht;1
normänner;1
garn;1
leih;1
scherzet;1
canonieren;1
abgestanden;1
schnapsak;1
frauen;1
hiebe;1
behältni;1
ausleert;1
verschikung;1
verheyrathetmeines;1
FALSCH;1
gestoktem;1
verwirren;1
lebloseste;1
meelthau;1
geisel;1
hörendiese;1
erkiet;1
tyrann;1
bewährte;1
versunkene;1
vonnichts;1
liebreich;1
wahrzunehmenwas;1
fasten;1
beleidigenund;1
selbstmord;1
keusch;1
fakeln;1
unmöglich;1
verfehlen;1
herausnehmen;1
zärtliche;1
mörders;1
stowas;1
empfängni;1
donnertseht;1
theilnehmer;1
ernstlichste;1
soich;1
löchrichte;1
aufbricht;1
abgekürzt;1
reisefertig;1
lumpenvolk;1
geyer;1
flüchtigen;1
unkörperlichen;1
habenmein;1
kirchhof;1
stolz;1
cronen;1
ergreifen;1
bükt;1
flasche;1
schmieden;1
unzüchtige;1
silber;1
höchlich;1
betäubte;1
lekt;1
erledigen;1
nachdruk;1
unumschränkte;1
hergewälzt;1
abgeschaft;1
verächtlichen;1
windstösse;1
ekelhaft;1
glokenspiel;1
beraubtund;1
bewogen;1
thauvollen;1
aas;1
geflüstert;1
nemmt;1
reine;1
causis;1
blühende;1
heldensind;1
einzelne;1
chroniken;1
erwiederung;1
verfinsterung;1
diebe;1
heimlich;1
selbstdoch;1
fünfter;1
schadhaften;1
wünscht;1
zier;1
unterscheidet;1
demungefehren;1
gebensey;1
erkenntlich;1
königvermöge;1
hofleuten;1
tempel;1
merkte;1
angieng;1
vorspiel;1
prügeln;1
mort;1
fortdaurender;1
fugen;1
einbildungen;1
rechtsgelehrten;1
dempolnischen;1
stükchen;1
lectur;1
eisenhart;1
steine;1
heilsam;1
ungewi;1
ministerstelle;1
zulauf;1
maskieren;1
abrede;1
anzukündigen;1
hahnenfüssen;1
abscheulichkeit;1
violen;1
claudio;1
bestreben;1
zweytausend;1
künftigen;1
zertrümmert;1
ausstehen;1
nagel;1
sinnreiche;1
versuch;1
engländer;1
meerkaze;1
segne;1
schikte;1
hergeworffen;1
bewachet;1
nachdrüklich;1
bettlaken;1
mordthat;1
reizungen;1
hymen;1
sohne;1
bestimmte;1
kläglich;1
gelegenheitlich;1
grade;1
sohns;1
beurlaube;1
rappieren;1
sphären;1
zwiken;1
fundament;1
verstimmten;1
grabmachen;1
verruchte;1
einfalt;1
einfall;1
gewohnten;1
unschlüssig;1
herumpfuschen;1
tasche;1
horatioist;1
vernunftloses;1
mengender;1
loben;1
übrigversuchen;1
kostbar;1
überrascht;1
bestraffung;1
zerfezen;1
fremd;1
verantwortung;1
beymessen;1
ähnlicher;1
ähnliches;1
applicieren;1
entehren;1
hans;1
warburton;1
selbige;1
entdek;1
ausgesehen;1
wechseln;1
verfinsterte;1
que;1
bergen;1
weggefeget;1
hanserl;1
unachtsamkeit;1
wirbelwind;1
gespräche;1
leser;1
angestochen;1
wolstand;1
königlichesigel;1
gewordnen;1
jungfer;1
unheilbar;1
diüberleget;1
verwirrung;1
plauderhafter;1
abscheulichgrotesk;1
stellet;1
saumseligkeit;1
allzuwol;1
laertesob;1
hawk;1
immerwährende;1
ersäufte;1
verächtlich;1
seyst;1
retirade;1
sperlings;1
stüksbeherrscht;1
schädlicher;1
horchen;1
phöbus;1
hangende;1
drohet;1
redlich;1
mode;1
ausgrillen;1
lümmel;1
signet;1
fieber;1
reiter;1
mög;1
entfremdung;1
wahres;1
zärtlichkeit;1
wahrer;1
schnakischen;1
beweis;1
zurükhalten;1
gebeine;1
freut;1
glieder;1
naheich;1
verzweifelt;1
äusserliches;1
quintessenz;1
äusserlichen;1
trieften;1
rings;1
zermalmen;1
ringt;1
wegstahl;1
hase;1
grausamen;1
schreibtafelich;1
nonnenklosterwo;1
schauspielers;1
schwei;1
pelion;1
delirium;1
übermüthig;1
leidendenn;1
verzug;1
gedungen;1
fährtmeine;1
gräliches;1
conversationen;1
grälichen;1
römischen;1
verla;1
redensarten;1
bereites;1
rosmarin;1
dürfte;1
schreyen;1
grille;1
nachstellungen;1
eingepakt;1
unbeflekter;1
gefallenden;1
überliefertenhoratio;1
unbeflekten;1
gezeigt;1
mibrauchen;1
entgelten;1
leichte;1
schöpfung;1
nakend;1
zehntausend;1
entführtehier;1
warnen;1
figuraber;1
befestigt;1
neu;1
abwesenheit;1
daubenherziger;1
dermassen;1
hamletabsichten;1
werdesie;1
gnädig;1
fenchel;1
wortzeichen;1
schulter;1
schwellende;1
anweisen;1
unglaublich;1
abgebrochne;1
sachtelat;1
absprünge;1
abzuzählen;1
töchtern;1
sachtewie;1
gewaltthätigkeiten;1
schäfer;1
gelesen;1
sazes;1
erkenntlichkeit;1
drükte;1
apostem;1
seinigen;1
angewöhnten;1
zudieses;1
eilen;1
derkönig;1
speise;1
tödtlich;1
angriff;1
bordell;1
greisen;1
aussehen;1
unbarmherzig;1
abzuhelfen;1
schneppe;1
sehenihr;1
mannschaft;1
abzugewinnen;1
wegwischen;1
söhnen;1
geringers;1
morgenluftich;1
theurers;1
gekauft;1
äneas;1
feuchte;1
schiklich;1
geringere;1
ruhet;1
abgehen;1
nord;1
beschwerden;1
ohrennichts;1
feuers;1
gabst;1
ichgehtich;1
reimlosen;1
aussaz;1
wassie;1
gerechtest;1
lieblings;1
lügt;1
verbirgt;1
ausschweiffung;1
weitstärker;1
zeitlang;1
taschenspielerey;1
hilf;1
note;1
erleuchtete;1
milungene;1
wunderbares;1
herzhaften;1
schmausen;1
würdige;1
vergleichung;1
ungeheiligte;1
auffahren;1
honig;1
wankte;1
schliessen;1
aufforderung;1
traget;1
stiehlt;1
apollo;1
bestellung;1
augenblike;1
gravitätisch;1
säumt;1
angekommen;1
abzustatten;1
bestimmen;1
verleiten;1
streitfrage;1
todtenfinger;1
glatte;1
bartholinus;1
münze;1
michentfernt;1
gestochen;1
augenbliks;1
vielem;1
mattigkeit;1
sindworinn;1
anherrn;1
ihnender;1
pakett;1
geschäft;1
sindso;1
halbes;1
trübsinns;1
halben;1
vortheils;1
denfall;1
unberichteten;1
gemeynt;1
vortheile;1
eingehüllt;1
bittenwas;1
künste;1
rastloser;1
übersezer;1
innerliche;1
jüngsten;1
ungeheures;1
ungeheurer;1
bezogen;1
hinwelkt;1
schwermüthig;1
phiole;1
weileda;1
übersezen;1
feyrliche;1
taugenichts;1
liebender;1
wächterwas;1
frühzeitigen;1
getrachtet;1
unterstüzung;1
ernste;1
zugezogendas;1
allerley;1
verschiedenheit;1
hiezu;1
verschwindet;1
sagenla;1
vögel;1
abgewogen;1
schaffe;1
eilfertigste;1
drehte;1
dreyfach;1
heiligsten;1
begleite;1
ekelhaften;1
kalteraisonnirende;1
drehst;1
erfreue;1
hergehen;1
zuschiken;1
mährchen;1
wissenoder;1
gefängnisses;1
magnet;1
traurig;1
schüttet;1
revolution;1
satirische;1
bessern;1
kindertand;1
gehet;1
frohen;1
göttliches;1
göttlicher;1
verhängni;1
unhöflichkeit;1
bessers;1
ränkeandre;1
drehen;1
hieng;1
beobachtungen;1
schwizende;1
habendoch;1
rauhes;1
nichtsbestimmtes;1
blinden;1
lachte;1
beleidigungen;1
wezen;1
redenden;1
besagten;1
sprechengebt;1
glühende;1
thatest;1
tändelt;1
bestimme;1
pallast;1
schminke;1
unglüklichen;1
auszuführenwas;1
zwölf;1
kindskopf;1
wirkliches;1
spotte;1
behendigkeit;1
beschuldigen;1
verwunderung;1
schärfet;1
vollzogen;1
agleyhier;1
ungesunden;1
weydlich;1
singenwie;1
erleichterung;1
ambose;1
stirnedie;1
seynhoratio;1
befiedert;1
qualitäten;1
veit;1
nothwendigkeit;1
vorsehet;1
vorhang;1
biertonne;1
erschlagen;1
verlegenheit;1
adieuihr;1
mist;1
grusses;1
vorhabe;1
zärtlichste;1
oberwelt;1
verderbliche;1
geschlukt;1
gebürge;1
einesmenschen;1
vollbracht;1
wittre;1
staatsmanns;1
unverständigen;1
versendung;1
irgendwo;1
östlichen;1
schall;1
festsezen;1
eifersucht;1
barbierich;1
umwerfen;1
lemportent;1
verschlaft;1
herumtraben;1
zweyter;1
schmeichle;1
schicanen;1
zogsich;1
überlebenden;1
indessengefällt;1
stehenden;1
hakenwas;1
pflaumenbaumharz;1
sang;1
schwächsten;1
völker;1
sant;1
absaz;1
dreyen;1
selbstmerkt;1
sohnes;1
theurester;1
zurükgehalten;1
ihmnunmehr;1
pause;1
samt;1
vergehungen;1
ohngeachtet;1
bösewichtwie;1
rathsamste;1
schauspiele;1
ausruffer;1
igels;1
greift;1
verstands;1
verstande;1
werdenalles;1
bildni;1
paroxismus;1
bellerophon;1
zahlreiches;1
schauspiels;1
blendwerk;1
entschlossen;1
marschieren;1
vorgebürge;1
betäubten;1
griechen;1
geringerer;1
gewühls;1
fahre;1
schauspielergesellschaft;1
saxo;1
verdunkelt;1
griffe;1
entschleyert;1
massen;1
ungebunden;1
unbesorgt;1
buch;1
gerechtigkeit;1
schleunige;1
wacht;1
wachs;1
mitternächtlichen;1
scharftönenden;1
wasen;1
sagenwo;1
nervenlose;1
voreilige;1
obsequien;1
ingeheim;1
masse;1
willweg;1
kindliche;1
vorzubauenhe;1
bichen;1
allzuwahr;1
gnadenkraut;1
grälichern;1
warnung;1
republik;1
betrügerischen;1
nunmehro;1
allzuleichtsinnigen;1
verfahren;1
tragicomödie;1
zuziehen;1
zerreit;1
wittwe;1
würd;1
klügste;1
from;1
bälder;1
gedoppelt;1
gerechte;1
abgebrochene;1
gerücht;1
aussprudelt;1
umarme;1
troze;1
balken;1
schildwachen;1
andächtigsten;1
geheftet;1
eingeschleyerten;1
ambition;1
exponieren;1
brunnen;1
umarmt;1
horatiohoratio;1
stinkender;1
erschuf;1
oheimvater;1
sarg;1
lieblicher;1
schmaus;1
düngung;1
umschweif;1
würdiges;1
kämpfende;1
beseelt;1
frucht;1
wege;1
hindernisse;1
jedermanns;1
freundeha;1
hölzern;1
rathsam;1
schmeicheley;1
vorsichtigkeit;1
geschik;1
satyrische;1
verführte;1
strümpfe;1
ähnliche;1
verbindliches;1
auftragen;1
wächt;1
überkommt;1
lofeuren;1
sehenskraft;1
lauffen;1
thierische;1
schüzet;1
rechtmäigen;1
maulwurf;1
schimpf;1
füsse;1
hörenverlat;1
zurükgabe;1
weke;1
inder;1
phlegmatischen;1
tragischen;1
geschlecht;1
natürliches;1
natürlicher;1
hintergangen;1
vorhersagung;1
trauertöne;1
erfinder;1
wische;1
schreibtafel;1
sprüchwörtern;1
comödieich;1
geheimnisses;1
sichtbaren;1
unterhalten;1
schüzen;1
kranken;1
gerollt;1
kranker;1
zusammengeflikter;1
schweigt;1
baptista;1
ausgewachsen;1
dreissigmal;1
behaartes;1
todewenn;1
weyde;1
erreichung;1
desgleichen;1
vortheil;1
bekräftigten;1
zeitalter;1
gesenkten;1
excesse;1
nebel;1
hauptwort;1
angesehensten;1
schaft;1
zerhakte;1
anwehen;1
erdensöhnen;1
vermuthlichdas;1
minen;1
eingeflochten;1
sinnloser;1
bewilligen;1
schreib;1
fodern;1
ertappt;1
unübersezlicher;1
ausfliegen;1
überplappern;1
immerfort;1
unübersezlichen;1
siegreichesten;1
fodert;1
enge;1
ereignisse;1
ausbleiben;1
positive;1
unterwerfen;1
strengtest;1
stinkend;1
modellengearbeitet;1
erkünstelter;1
rächendieser;1
unthätigem;1
schaal;1
schaam;1
fand;1
todter;1
gefälligste;1
stolpert;1
vorhalten;1
nichtes;1
bewahren;1
berühren;1
antreffe;1
minute;1
zurükschauern;1
spöttisch;1
veylchen;1
rabe;1
treppe;1
herrhier;1
behelligen;1
thunkamst;1
abzustehen;1
munterkeit;1
wien;1
verträgen;1
womitrosenkranz;1
schlocapelle;1
ichdie;1
unvergleichliche;1
heuchelnden;1
läppische;1
abermaligen;1
blutiger;1
seligkeit;1
ausrichten;1
weggeschleppt;1
verdorbnen;1
liebreiche;1
voraus;1
schulden;1
hüter;1
stumpfen;1
verursachte;1
mixtur;1
funkelte;1
gefeyert;1
salvation;1
schlafen;1
schreklichern;1
begreiffen;1
angenommen;1
befriedigt;1
zwikt;1
aufwallungen;1
kanleget;1
faul;1
beschwohren;1
diente;1
hiebey;1
holdselige;1
schmuzig;1
reinen;1
anseht;1
wobey;1
ansehn;1
saures;1
abzeichnen;1
grotte;1
anstalt;1
zahlreich;1
auftrags;1
zwölfmal;1
sezennicht;1
gerber;1
keinenbefehl;1
ungezwungne;1
vorgestellt;1
gewinnen;1
leidenschaftwas;1
daube;1
gelehrter;1
witest;1
furchtbaren;1
complimente;1
einsiedlers;1
furchtbarer;1
jugendlichen;1
vertraulichkeit;1
verachtete;1
unform;1
umringt;1
auszuwerfen;1
hingekommen;1
kleinere;1
leeren;1
wohlstand;1
meere;1
landstreicherey;1
dänische;1
wild;1
verblendeten;1
zusammengebracht;1
holde;1
weitaussehenden;1
zweydeutigkeiten;1
schreitet;1
hautbois;1
anzubieten;1
anspielung;1
schik;1
unverblendeten;1
humoristen;1
stossen;1
wahnsinnig;1
schwüren;1
gemeineres;1
versöhnung;1
braten;1
jugendhize;1
aufzustehen;1
manierlich;1
mutterin;1
kränkungen;1
enfans;1
crocodil;1
firmament;1
bettlägerig;1
lumpe;1
elender;1
eifers;1
gipfel;1
untersuchung;1
unendlichen;1
heulten;1
hinschleuderte;1
besieht;1
stürmische;1
zertrennen;1
angebohrnen;1
zeitungen;1
höflichkeit;1
baum;1
baut;1
ausgemacht;1
milzsüchtiger;1
lüste;1
zerrinnen;1
baue;1
gemahlseht;1
sacheeine;1
ehrsüchtig;1
ausbruch;1
banden;1
schneewei;1
blumenbank;1
überdenken;1
maulwurfshauffen;1
schlu;1
voran;1
erhielten;1
taub;1
mördrischer;1
liebhaber;1
besonders;1
ankommen;1
ungeheure;1
besondere;1
mehrsoll;1
schlimmsten;1
gesundheitgebt;1
aufbringen;1
zogen;1
hund;1
schluget;1
ungesäuberter;1
gebete;1
gestraft;1
loh;1
höflings;1
vorwärts;1
los;1
valentin;1
baar;1
trost;1
lob;1
stürzt;1
abgesehen;1
gebers;1
zweifelhaft;1
äusserstes;1
ungesehenen;1
ergrimmten;1
vorgebogen;1
abfälle;1
versteigert;1
denkmal;1
nehmet;1
zeile;1
krieg;1
bubenstüks;1
dieverwiklung;1
verheyrathetso;1
annimmt;1
declamieren;1
geschworne;1
herauf;1
politischen;1
freysprechung;1
kenner;1
kennet;1
unschuldig;1
huld;1
christen;1
festiglich;1
verkehrte;1
dännemarks;1
ausdrüktund;1
klagen;1
beweint;1
erzehlt;1
capitalkalb;1
gesucht;1
befördern;1
potz;1
nonnenklosteradieuoder;1
pestilenz;1
dahertraben;1
demüthige;1
stempel;1
krazen;1
wachsamen;1
bürde;1
zeither;1
günstlinge;1
quidditäten;1
beydem;1
beyder;1
cyclopen;1
deinige;1
niedergeschrieben;1
ankommt;1
ungeknöpft;1
dehnen;1
ermächtigst;1
les;1
vergangner;1
insel;1
leg;1
schmerzens;1
fürst;1
sprünge;1
kinnbaken;1
frühlingstagen;1
zauberwirkungen;1
geschworen;1
demnach;1
geschwächt;1
taglöhner;1
unheil;1
zureichend;1
trat;1
unterhält;1
sterblichen;1
lechzend;1
leibhaften;1
angeführt;1
krönung;1
schwellt;1
mütterliche;1
ungebehrdig;1
entschlossenen;1
gastmal;1
ansuche;1
untersten;1
ungebraucht;1
dreytausend;1
richtet;1
erwekten;1
fertigkeiten;1
sowie;1
starrt;1
trauern;1
vorgeblichen;1
gütiger;1
abscheuliches;1
schwindeflechte;1
beybehalten;1
abscheulichen;1
vorwand;1
ehrwürdig;1
gehn;1
maa;1
wakerer;1
fatale;1
engels;1
draufein;1
athmen;1
ursprüngliche;1
gemahlt;1
ungeschmeidigen;1
lachtet;1
ergreift;1
kennst;1
gefälligkeit;1
abholen;1
kurzgeführten;1
schiffsbauleuten;1
wortspiel;1
zuschwören;1
ausgekrochen;1
figürlichen;1
hätts;1
weltbezwinger;1
wollenwenn;1
einpfropfen;1
runzlichte;1
mutteralso;1
heutige;1
nichtaber;1
wahrnehmen;1
küthabt;1
hirns;1
unglükselige;1
theurer;1
ossrik;1
wolke;1
vorteilhafter;1
grimmig;1
ausserordentlichen;1
einhergieng;1
herbey;1
erzehlte;1
selbstes;1
sonntag;1
grüner;1
neuerlich;1
überlebt;1
nakten;1
kessel;1
fräger;1
siehat;1
himmelberührenden;1
salariert;1
gebirge;1
unbewacht;1
feiger;1
undurchdringliche;1
auslassen;1
schwanengesang;1
horatioum;1
jederman;1
hingegen;1
entwikelt;1
partisane;1
schuldlosen;1
anlangen;1
bestürzt;1
andächtiglich;1
schelmisches;1
anzureden;1
übergipfle;1
schweizer;1
zehnfältig;1
amor;1
entgehengeh;1
casus;1
erwas;1
beine;1
beyzuwohnen;1
hingesehen;1
siehet;1
gemahlter;1
credit;1
abgehest;1
veränderung;1
planeten;1
könntihr;1
hingegangen;1
hinausgehst;1
idealischencharakters;1
ungeschminkter;1
hute;1
geselle;1
fuchs;1
sägt;1
beweise;1
corneille;1
zugeben;1
ideen;1
hervorstralen;1
karpen;1
ertränke;1
hofschranzenwie;1
abgeschieden;1
sezeno;1
heuchlerin;1
hinabzogen;1
geken;1
mittagessen;1
verwelkten;1
erlangen;1
ähre;1
nachzuhelfen;1
wunderdinge;1
machtin;1
unmännliche;1
leichenmahl;1
gütigkeit;1
fahnen;1
schlappen;1
mahlerkunst;1
zehen;1
fledermaus;1
verbindlichste;1
gewissers;1
nachdem;1
sieget;1
sieger;1
mildherziger;1
breitschultrichten;1
vorbesagten;1
fusse;1
auszumachen;1
schul;1
herausgefodert;1
schuh;1
verrigelt;1
matrone;1
schleppe;1
gebehrdung;1
weich;1
überzeugt;1
schleppt;1
pelican;1
überhaupt;1
bedarf;1
betäubung;1
beflekt;1
weide;1
anzuhaben;1
kreisen;1
aufschauenmein;1
garstige;1
befleke;1
dekelgläser;1
solltet;1
antliz;1
bärte;1
sagst;1
grinsen;1
enthaltung;1
beykommen;1
fragt;1
übermässiger;1
übermässigen;1
fällthinaus;1
beharren;1
lebendig;1
bekräftigen;1
bekräftiget;1
ceremonienkleidernes;1
wolltenoder;1
erstaunlicher;1
hexe;1
löcher;1
gegenwärtigem;1
umstand;1
unterworfen;1
anbetern;1
comödien;1
mitregentin;1
besprizt;1
vernünftigen;1
glükliche;1
ausrichtung;1
dialoge;1
kurzweile;1
spiegesellen;1
milady;1
weislich;1
ufer;1
herausgelassen;1
zehnmal;1
gewesenwie;1
wohlha;1
verzierungen;1
sehenes;1
geviertheilet;1
verwandlung;1
meynt;1
armirt;1
vormachen;1
fürbitten;1
lebenden;1
einzu;1
übermuth;1
untergräbt;1
hütern;1
allzuallzufeste;1
reicht;1
holte;1
heut;1
reygernest;1
herannahenden;1
lassenaber;1
richtig;1
anstatt;1
erschlagnen;1
verboten;1
schwärze;1
niedergeschlagner;1
justiz;1
abgewiesen;1
verdächtig;1
singenhinab;1
mauer;1
mauen;1
kunstgriffen;1
